wavelength,1.5 AM irrandiance,Normalized 1.5AM
280,2.54E-26,1.77E-26
280.5,1.09E-24,7.61E-25
281,6.13E-24,4.27E-24
281.5,2.75E-22,1.92E-22
282,2.83E-21,1.98E-21
282.5,1.33E-20,9.25E-21
283,6.76E-20,4.71E-20
283.5,1.46E-19,1.02E-19
284,4.98E-18,3.47E-18
284.5,2.16E-17,1.51E-17
285,9.00E-17,6.27E-17
285.5,6.44E-16,4.49E-16
286,2.35E-15,1.64E-15
286.5,1.85E-14,1.29E-14
287,7.25E-14,5.06E-14
287.5,3.66E-13,2.55E-13
288,2.81E-12,1.96E-12
288.5,9.07E-12,6.32E-12
289,3.50E-11,2.44E-11
289.5,1.54E-10,1.07E-10
290,5.15E-10,3.59E-10
290.5,1.33E-09,9.27E-10
291,3.90E-09,2.72E-09
291.5,1.44E-08,1.01E-08
292,4.08E-08,2.84E-08
292.5,7.04E-08,4.91E-08
293,1.58E-07,1.10E-07
293.5,4.71E-07,3.28E-07
294,9.46E-07,6.59E-07
294.5,1.60E-06,1.11E-06
295,3.22E-06,2.25E-06
295.5,8.02E-06,5.59E-06
296,1.47E-05,1.03E-05
296.5,2.33E-05,1.62E-05
297,3.32E-05,2.31E-05
297.5,6.79E-05,4.73E-05
298,1.11E-04,7.76E-05
298.5,1.43E-04,9.95E-05
299,2.03E-04,1.42E-04
299.5,3.74E-04,2.61E-04
300,4.56E-04,3.18E-04
300.5,5.72E-04,3.99E-04
301,9.19E-04,6.41E-04
301.5,0.0013201,9.20E-04
302,0.001457,1.02E-03
302.5,0.002191,1.53E-03
303,0.0037332,2.60E-03
303.5,0.0048044,3.35E-03
304,0.0050973,3.55E-03
304.5,0.0064675,4.51E-03
305,0.0089336,6.23E-03
305.5,0.010186,7.10E-03
306,0.01015,7.07E-03
306.5,0.011568,8.06E-03
307,0.015246,1.06E-02
307.5,0.019468,1.36E-02
308,0.020753,1.45E-02
308.5,0.02275,1.59E-02
309,0.022298,1.55E-02
309.5,0.023672,1.65E-02
310,0.027826,1.94E-02
310.5,0.035879,2.50E-02
311,0.045392,3.16E-02
311.5,0.046156,3.22E-02
312,0.050898,3.55E-02
312.5,0.053766,3.75E-02
313,0.058323,4.07E-02
313.5,0.058999,4.11E-02
314,0.065266,4.55E-02
314.5,0.070476,4.91E-02
315,0.073686,5.14E-02
315.5,0.064833,4.52E-02
316,0.067088,4.68E-02
316.5,0.081118,5.65E-02
317,0.09302,6.48E-02
317.5,0.099712,6.95E-02
318,0.095815,6.68E-02
318.5,0.10005,6.97E-02
319,0.10971,7.65E-02
319.5,0.10693,7.45E-02
320,0.11277,7.86E-02
320.5,0.13305,9.27E-02
321,0.13414,9.35E-02
321.5,0.12817,8.93E-02
322,0.122,8.50E-02
322.5,0.1197,8.34E-02
323,0.11623,8.10E-02
323.5,0.13393,9.33E-02
324,0.14852,1.04E-01
324.5,0.15467,1.08E-01
325,0.15504,1.08E-01
325.5,0.17936,1.25E-01
326,0.20868,1.45E-01
326.5,0.22162,1.54E-01
327,0.21834,1.52E-01
327.5,0.21285,1.48E-01
328,0.19773,1.38E-01
328.5,0.20675,1.44E-01
329,0.23297,1.62E-01
329.5,0.25864,1.80E-01
330,0.26192,1.83E-01
330.5,0.24103,1.68E-01
331,0.22835,1.59E-01
331.5,0.23635,1.65E-01
332,0.24508,1.71E-01
332.5,0.24655,1.72E-01
333,0.24263,1.69E-01
333.5,0.23265,1.62E-01
334,0.23823,1.66E-01
334.5,0.25434,1.77E-01
335,0.26477,1.85E-01
335.5,0.25894,1.80E-01
336,0.23813,1.66E-01
336.5,0.22099,1.54E-01
337,0.21767,1.52E-01
337.5,0.23434,1.63E-01
338,0.25321,1.76E-01
338.5,0.26549,1.85E-01
339,0.27096,1.89E-01
339.5,0.27847,1.94E-01
340,0.29659,2.07E-01
340.5,0.29674,2.07E-01
341,0.27932,1.95E-01
341.5,0.27853,1.94E-01
342,0.29121,2.03E-01
342.5,0.30296,2.11E-01
343,0.30857,2.15E-01
343.5,0.29246,2.04E-01
344,0.25352,1.77E-01
344.5,0.24439,1.70E-01
345,0.27854,1.94E-01
345.5,0.29761,2.07E-01
346,0.29132,2.03E-01
346.5,0.29747,2.07E-01
347,0.30318,2.11E-01
347.5,0.29351,2.05E-01
348,0.29306,2.04E-01
348.5,0.29884,2.08E-01
349,0.28864,2.01E-01
349.5,0.2972,2.07E-01
350,0.32913,2.29E-01
350.5,0.35471,2.47E-01
351,0.34603,2.41E-01
351.5,0.33388,2.33E-01
352,0.32674,2.28E-01
352.5,0.30954,2.16E-01
353,0.32975,2.30E-01
353.5,0.36351,2.53E-01
354,0.38523,2.68E-01
354.5,0.39043,2.72E-01
355,0.3914,2.73E-01
355.5,0.37878,2.64E-01
356,0.35627,2.48E-01
356.5,0.33495,2.33E-01
357,0.29527,2.06E-01
357.5,0.2995,2.09E-01
358,0.27936,1.95E-01
358.5,0.25998,1.81E-01
359,0.3065,2.14E-01
359.5,0.37013,2.58E-01
360,0.3924,2.73E-01
360.5,0.37167,2.59E-01
361,0.34278,2.39E-01
361.5,0.33647,2.35E-01
362,0.3535,2.46E-01
362.5,0.38804,2.70E-01
363,0.40005,2.79E-01
363.5,0.38994,2.72E-01
364,0.40472,2.82E-01
364.5,0.40179,2.80E-01
365,0.4181,2.91E-01
365.5,0.4611,3.21E-01
366,0.49508,3.45E-01
366.5,0.49694,3.46E-01
367,0.48869,3.41E-01
367.5,0.48041,3.35E-01
368,0.45319,3.16E-01
368.5,0.45106,3.14E-01
369,0.47244,3.29E-01
369.5,0.50856,3.54E-01
370,0.51666,3.60E-01
370.5,0.46798,3.26E-01
371,0.47628,3.32E-01
371.5,0.49587,3.46E-01
372,0.46506,3.24E-01
372.5,0.44389,3.09E-01
373,0.42833,2.99E-01
373.5,0.38682,2.70E-01
374,0.38651,2.69E-01
374.5,0.38435,2.68E-01
375,0.41087,2.86E-01
375.5,0.45514,3.17E-01
376,0.47218,3.29E-01
376.5,0.46538,3.24E-01
377,0.50014,3.49E-01
377.5,0.5589,3.90E-01
378,0.60314,4.20E-01
378.5,0.58892,4.10E-01
379,0.52616,3.67E-01
379.5,0.47255,3.29E-01
380,0.49751,3.47E-01
380.5,0.53396,3.72E-01
381,0.54424,3.79E-01
381.5,0.49135,3.42E-01
382,0.41958,2.92E-01
382.5,0.36361,2.53E-01
383,0.32648,2.28E-01
383.5,0.31658,2.21E-01
384,0.36689,2.56E-01
384.5,0.44239,3.08E-01
385,0.48638,3.39E-01
385.5,0.46549,3.24E-01
386,0.44984,3.14E-01
386.5,0.46848,3.27E-01
387,0.47343,3.30E-01
387.5,0.46731,3.26E-01
388,0.4635,3.23E-01
388.5,0.46096,3.21E-01
389,0.50121,3.49E-01
389.5,0.55637,3.88E-01
390,0.58457,4.07E-01
390.5,0.59038,4.11E-01
391,0.62634,4.37E-01
391.5,0.63617,4.43E-01
392,0.58656,4.09E-01
392.5,0.48961,3.41E-01
393,0.35502,2.47E-01
393.5,0.28272,1.97E-01
394,0.3678,2.56E-01
394.5,0.50811,3.54E-01
395,0.60096,4.19E-01
395.5,0.64101,4.47E-01
396,0.56443,3.93E-01
396.5,0.41101,2.86E-01
397,0.31882,2.22E-01
397.5,0.47151,3.29E-01
398,0.63944,4.46E-01
398.5,0.75622,5.27E-01
399,0.80408,5.60E-01
399.5,0.8298,5.78E-01
400,0.83989,5.85E-01
401,0.87691,6.11E-01
402,0.91387,6.37E-01
403,0.88211,6.15E-01
404,0.89849,6.26E-01
405,0.87849,6.12E-01
406,0.85878,5.99E-01
407,0.84545,5.89E-01
408,0.88488,6.17E-01
409,0.94717,6.60E-01
410,0.8091,5.64E-01
411,0.9077,6.33E-01
412,0.96686,6.74E-01
413,0.92951,6.48E-01
414,0.92134,6.42E-01
415,0.95569,6.66E-01
416,0.98628,6.87E-01
417,0.96392,6.72E-01
418,0.92392,6.44E-01
419,0.96354,6.72E-01
420,0.88467,6.17E-01
421,1.0067,7.02E-01
422,0.99499,6.93E-01
423,0.96531,6.73E-01
424,0.96182,6.70E-01
425,0.99312,6.92E-01
426,0.96667,6.74E-01
427,0.9355,6.52E-01
428,0.94625,6.60E-01
429,0.87766,6.12E-01
430,0.70134,4.89E-01
431,0.63779,4.45E-01
432,1.0628,7.41E-01
433,0.9905,6.90E-01
434,0.91653,6.39E-01
435,1.007,7.02E-01
436,1.1061,7.71E-01
437,1.1306,7.88E-01
438,0.99368,6.93E-01
439,0.95753,6.67E-01
440,1.0993,7.66E-01
441,1.0859,7.57E-01
442,1.164,8.11E-01
443,1.1823,8.24E-01
444,1.1537,8.04E-01
445,1.1992,8.36E-01
446,1.0766,7.50E-01
447,1.2257,8.54E-01
448,1.2422,8.66E-01
449,1.2409,8.65E-01
450,1.2881,8.98E-01
451,1.3376,9.32E-01
452,1.2822,8.94E-01
453,1.1854,8.26E-01
454,1.273,8.87E-01
455,1.2655,8.82E-01
456,1.3088,9.12E-01
457,1.3213,9.21E-01
458,1.2946,9.02E-01
459,1.2859,8.96E-01
460,1.2791,8.91E-01
461,1.3255,9.24E-01
462,1.3392,9.33E-01
463,1.3452,9.38E-01
464,1.3055,9.10E-01
465,1.2905,8.99E-01
466,1.319,9.19E-01
467,1.2616,8.79E-01
468,1.3178,9.18E-01
469,1.3247,9.23E-01
470,1.2749,8.89E-01
471,1.2975,9.04E-01
472,1.3661,9.52E-01
473,1.3144,9.16E-01
474,1.3304,9.27E-01
475,1.3755,9.59E-01
476,1.3299,9.27E-01
477,1.3392,9.33E-01
478,1.3839,9.65E-01
479,1.3586,9.47E-01
480,1.3825,9.64E-01
481,1.3836,9.64E-01
482,1.3899,9.69E-01
483,1.3742,9.58E-01
484,1.3492,9.40E-01
485,1.3457,9.38E-01
486,1.0918,7.61E-01
487,1.2235,8.53E-01
488,1.3252,9.24E-01
489,1.2492,8.71E-01
490,1.3968,9.74E-01
491,1.3435,9.36E-01
492,1.2818,8.93E-01
493,1.3719,9.56E-01
494,1.3402,9.34E-01
495,1.4238,9.92E-01
496,1.3548,9.44E-01
497,1.3788,9.61E-01
498,1.3421,9.35E-01
499,1.3429,9.36E-01
500,1.3391,9.33E-01
501,1.299,9.05E-01
502,1.2991,9.05E-01
503,1.3597,9.48E-01
504,1.2682,8.84E-01
505,1.3598,9.48E-01
506,1.4153,9.86E-01
507,1.3548,9.44E-01
508,1.321,9.21E-01
509,1.385,9.65E-01
510,1.3497,9.41E-01
511,1.3753,9.59E-01
512,1.4125,9.84E-01
513,1.3277,9.25E-01
514,1.3003,9.06E-01
515,1.3385,9.33E-01
516,1.3514,9.42E-01
517,1.1017,7.68E-01
518,1.2605,8.79E-01
519,1.2222,8.52E-01
520,1.3349,9.30E-01
521,1.3452,9.38E-01
522,1.376,9.59E-01
523,1.2976,9.04E-01
524,1.3962,9.73E-01
525,1.3859,9.66E-01
526,1.3479,9.39E-01
527,1.1795,8.22E-01
528,1.3508,9.41E-01
529,1.4142,9.86E-01
530,1.3598,9.48E-01
531,1.4348,1.00E+00
532,1.4094,9.82E-01
533,1.259,8.77E-01
534,1.3491,9.40E-01
535,1.3701,9.55E-01
536,1.4292,9.96E-01
537,1.3229,9.22E-01
538,1.3896,9.69E-01
539,1.3558,9.45E-01
540,1.3096,9.13E-01
541,1.2595,8.78E-01
542,1.3714,9.56E-01
543,1.3493,9.40E-01
544,1.3971,9.74E-01
545,1.3657,9.52E-01
546,1.3536,9.43E-01
547,1.3717,9.56E-01
548,1.3331,9.29E-01
549,1.3752,9.58E-01
550,1.3648,9.51E-01
551,1.3639,9.51E-01
552,1.3923,9.70E-01
553,1.3533,9.43E-01
554,1.3802,9.62E-01
555,1.3883,9.68E-01
556,1.3651,9.51E-01
557,1.3321,9.28E-01
558,1.3613,9.49E-01
559,1.2885,8.98E-01
560,1.3118,9.14E-01
561,1.3885,9.68E-01
562,1.3225,9.22E-01
563,1.3731,9.57E-01
564,1.3466,9.39E-01
565,1.3555,9.45E-01
566,1.2823,8.94E-01
567,1.3673,9.53E-01
568,1.3554,9.45E-01
569,1.3228,9.22E-01
570,1.324,9.23E-01
571,1.281,8.93E-01
572,1.3534,9.43E-01
573,1.3595,9.48E-01
574,1.3527,9.43E-01
575,1.3225,9.22E-01
576,1.3118,9.14E-01
577,1.3452,9.38E-01
578,1.304,9.09E-01
579,1.323,9.22E-01
580,1.3455,9.38E-01
581,1.3518,9.42E-01
582,1.3729,9.57E-01
583,1.3872,9.67E-01
584,1.3845,9.65E-01
585,1.3737,9.57E-01
586,1.3409,9.35E-01
587,1.3708,9.55E-01
588,1.3403,9.34E-01
589,1.1582,8.07E-01
590,1.2316,8.58E-01
591,1.3171,9.18E-01
592,1.29,8.99E-01
593,1.3086,9.12E-01
594,1.3029,9.08E-01
595,1.287,8.97E-01
596,1.326,9.24E-01
597,1.3303,9.27E-01
598,1.3142,9.16E-01
599,1.3145,9.16E-01
600,1.3278,9.25E-01
601,1.3123,9.15E-01
602,1.2928,9.01E-01
603,1.3205,9.20E-01
604,1.3439,9.37E-01
605,1.3418,9.35E-01
606,1.3353,9.31E-01
607,1.3434,9.36E-01
608,1.3392,9.33E-01
609,1.3292,9.26E-01
610,1.3237,9.23E-01
611,1.317,9.18E-01
612,1.337,9.32E-01
613,1.3182,9.19E-01
614,1.2783,8.91E-01
615,1.3254,9.24E-01
616,1.2906,9.00E-01
617,1.2744,8.88E-01
618,1.3228,9.22E-01
619,1.3292,9.26E-01
620,1.3299,9.27E-01
621,1.3359,9.31E-01
622,1.2882,8.98E-01
623,1.2793,8.92E-01
624,1.2751,8.89E-01
625,1.2667,8.83E-01
626,1.2655,8.82E-01
627,1.3022,9.08E-01
628,1.2328,8.59E-01
629,1.2758,8.89E-01
630,1.2589,8.77E-01
631,1.2799,8.92E-01
632,1.2327,8.59E-01
633,1.311,9.14E-01
634,1.2907,9.00E-01
635,1.3065,9.11E-01
636,1.2768,8.90E-01
637,1.3204,9.20E-01
638,1.3292,9.26E-01
639,1.3238,9.23E-01
640,1.2962,9.03E-01
641,1.297,9.04E-01
642,1.2995,9.06E-01
643,1.313,9.15E-01
644,1.3074,9.11E-01
645,1.317,9.18E-01
646,1.2797,8.92E-01
647,1.2744,8.88E-01
648,1.2625,8.80E-01
649,1.2234,8.53E-01
650,1.2299,8.57E-01
651,1.3071,9.11E-01
652,1.2558,8.75E-01
653,1.295,9.03E-01
654,1.2807,8.93E-01
655,1.222,8.52E-01
656,1.0727,7.48E-01
657,1.1218,7.82E-01
658,1.254,8.74E-01
659,1.2586,8.77E-01
660,1.2668,8.83E-01
661,1.2618,8.79E-01
662,1.2518,8.72E-01
663,1.2539,8.74E-01
664,1.2647,8.81E-01
665,1.2871,8.97E-01
666,1.286,8.96E-01
667,1.2767,8.90E-01
668,1.281,8.93E-01
669,1.3032,9.08E-01
670,1.2853,8.96E-01
671,1.2829,8.94E-01
672,1.2651,8.82E-01
673,1.276,8.89E-01
674,1.2742,8.88E-01
675,1.2639,8.81E-01
676,1.2786,8.91E-01
677,1.2669,8.83E-01
678,1.2737,8.88E-01
679,1.2629,8.80E-01
680,1.265,8.82E-01
681,1.2601,8.78E-01
682,1.2662,8.82E-01
683,1.2526,8.73E-01
684,1.2445,8.67E-01
685,1.2454,8.68E-01
686,1.2174,8.48E-01
687,0.88285,6.15E-01
688,1.0195,7.11E-01
689,1.026,7.15E-01
690,1.0746,7.49E-01
691,1.1201,7.81E-01
692,1.1516,8.03E-01
693,1.1446,7.98E-01
694,1.1318,7.89E-01
695,1.1538,8.04E-01
696,1.1513,8.02E-01
697,1.2151,8.47E-01
698,1.1961,8.34E-01
699,1.1721,8.17E-01
700,1.1636,8.11E-01
701,1.1489,8.01E-01
702,1.15,8.02E-01
703,1.1567,8.06E-01
704,1.1864,8.27E-01
705,1.1989,8.36E-01
706,1.1925,8.31E-01
707,1.1875,8.28E-01
708,1.1839,8.25E-01
709,1.188,8.28E-01
710,1.1954,8.33E-01
711,1.1934,8.32E-01
712,1.1856,8.26E-01
713,1.1719,8.17E-01
714,1.1823,8.24E-01
715,1.1428,7.96E-01
716,1.1548,8.05E-01
717,1.0081,7.03E-01
718,0.93873,6.54E-01
719,0.84274,5.87E-01
720,0.8994,6.27E-01
721,0.98967,6.90E-01
722,1.1281,7.86E-01
723,1.0423,7.26E-01
724,0.96305,6.71E-01
725,0.94741,6.60E-01
726,0.98638,6.87E-01
727,0.98988,6.90E-01
728,0.94968,6.62E-01
729,0.95503,6.66E-01
730,1.0294,7.17E-01
731,0.97702,6.81E-01
732,1.052,7.33E-01
733,1.0901,7.60E-01
734,1.1261,7.85E-01
735,1.1101,7.74E-01
736,1.0994,7.66E-01
737,1.0978,7.65E-01
738,1.1184,7.79E-01
739,1.0855,7.57E-01
740,1.1119,7.75E-01
741,1.1078,7.72E-01
742,1.1084,7.73E-01
743,1.1316,7.89E-01
744,1.1408,7.95E-01
745,1.1404,7.95E-01
746,1.1381,7.93E-01
747,1.1389,7.94E-01
748,1.1323,7.89E-01
749,1.1286,7.87E-01
750,1.1273,7.86E-01
751,1.1224,7.82E-01
752,1.1265,7.85E-01
753,1.121,7.81E-01
754,1.1353,7.91E-01
755,1.1321,7.89E-01
756,1.1185,7.80E-01
757,1.1176,7.79E-01
758,1.1246,7.84E-01
759,1.0932,7.62E-01
760,0.24716,1.72E-01
761,0.14328,9.99E-02
762,0.63491,4.43E-01
763,0.35217,2.45E-01
764,0.49885,3.48E-01
765,0.63377,4.42E-01
766,0.7508,5.23E-01
767,0.89574,6.24E-01
768,1.0222,7.12E-01
769,1.0347,7.21E-01
770,1.0646,7.42E-01
771,1.0716,7.47E-01
772,1.0802,7.53E-01
773,1.0797,7.53E-01
774,1.08,7.53E-01
775,1.0801,7.53E-01
776,1.0827,7.55E-01
777,1.0764,7.50E-01
778,1.0754,7.50E-01
779,1.0803,7.53E-01
780,1.0687,7.45E-01
781,1.0662,7.43E-01
782,1.0714,7.47E-01
783,1.0672,7.44E-01
784,1.0602,7.39E-01
785,1.0649,7.42E-01
786,1.0656,7.43E-01
787,1.053,7.34E-01
788,1.0399,7.25E-01
789,1.0359,7.22E-01
790,1.0045,7.00E-01
791,1.0179,7.09E-01
792,1.0084,7.03E-01
793,1.0015,6.98E-01
794,1.0101,7.04E-01
795,1.0066,7.02E-01
796,0.98985,6.90E-01
797,1.0057,7.01E-01
798,1.0245,7.14E-01
799,1.0048,7.00E-01
800,0.98859,6.89E-01
801,0.99978,6.97E-01
802,1.0011,6.98E-01
803,0.98288,6.85E-01
804,0.99452,6.93E-01
805,0.9727,6.78E-01
806,1.0122,7.05E-01
807,1.0018,6.98E-01
808,0.99844,6.96E-01
809,0.97353,6.79E-01
810,0.97488,6.79E-01
811,0.97273,6.78E-01
812,0.94882,6.61E-01
813,0.93236,6.50E-01
814,0.83681,5.83E-01
815,0.82927,5.78E-01
816,0.77171,5.38E-01
817,0.78984,5.50E-01
818,0.76299,5.32E-01
819,0.83844,5.84E-01
820,0.79899,5.57E-01
821,0.92292,6.43E-01
822,0.88081,6.14E-01
823,0.62576,4.36E-01
824,0.86619,6.04E-01
825,0.89752,6.26E-01
826,0.8653,6.03E-01
827,0.91178,6.35E-01
828,0.7887,5.50E-01
829,0.86135,6.00E-01
830,0.8493,5.92E-01
831,0.85666,5.97E-01
832,0.82961,5.78E-01
833,0.88622,6.18E-01
834,0.86608,6.04E-01
835,0.92917,6.48E-01
836,0.90135,6.28E-01
837,0.93493,6.52E-01
838,0.92585,6.45E-01
839,0.92783,6.47E-01
840,0.94124,6.56E-01
841,0.93626,6.53E-01
842,0.92411,6.44E-01
843,0.93171,6.49E-01
844,0.91434,6.37E-01
845,0.94226,6.57E-01
846,0.94447,6.58E-01
847,0.91947,6.41E-01
848,0.9201,6.41E-01
849,0.91447,6.37E-01
850,0.829,5.78E-01
851,0.90454,6.30E-01
852,0.89942,6.27E-01
853,0.8954,6.24E-01
854,0.79,5.51E-01
855,0.84746,5.91E-01
856,0.90343,6.30E-01
857,0.92059,6.42E-01
858,0.92094,6.42E-01
859,0.92081,6.42E-01
860,0.91764,6.40E-01
861,0.91648,6.39E-01
862,0.92367,6.44E-01
863,0.92934,6.48E-01
864,0.90956,6.34E-01
865,0.89487,6.24E-01
866,0.78882,5.50E-01
867,0.85066,5.93E-01
868,0.8914,6.21E-01
869,0.88252,6.15E-01
870,0.89933,6.27E-01
871,0.88671,6.18E-01
872,0.89887,6.26E-01
873,0.88999,6.20E-01
874,0.87451,6.10E-01
875,0.86204,6.01E-01
876,0.88625,6.18E-01
877,0.88948,6.20E-01
878,0.88607,6.18E-01
879,0.87144,6.07E-01
880,0.87434,6.09E-01
881,0.84563,5.89E-01
882,0.86787,6.05E-01
883,0.86494,6.03E-01
884,0.86859,6.05E-01
885,0.87913,6.13E-01
886,0.84515,5.89E-01
887,0.84799,5.91E-01
888,0.85899,5.99E-01
889,0.87041,6.07E-01
890,0.86078,6.00E-01
891,0.86255,6.01E-01
892,0.84688,5.90E-01
893,0.81412,5.67E-01
894,0.79413,5.53E-01
895,0.75956,5.29E-01
896,0.71265,4.97E-01
897,0.6231,4.34E-01
898,0.67137,4.68E-01
899,0.51461,3.59E-01
900,0.69429,4.84E-01
901,0.56162,3.91E-01
902,0.625,4.36E-01
903,0.64483,4.49E-01
904,0.78862,5.50E-01
905,0.76337,5.32E-01
906,0.72502,5.05E-01
907,0.59833,4.17E-01
908,0.61091,4.26E-01
909,0.65912,4.59E-01
910,0.58553,4.08E-01
911,0.6258,4.36E-01
912,0.64508,4.50E-01
913,0.58906,4.11E-01
914,0.5874,4.09E-01
915,0.6355,4.43E-01
916,0.54099,3.77E-01
917,0.6835,4.76E-01
918,0.55612,3.88E-01
919,0.69161,4.82E-01
920,0.69657,4.85E-01
921,0.73004,5.09E-01
922,0.65584,4.57E-01
923,0.69698,4.86E-01
924,0.67571,4.71E-01
925,0.66621,4.64E-01
926,0.65875,4.59E-01
927,0.73684,5.14E-01
928,0.55363,3.86E-01
929,0.51792,3.61E-01
930,0.40679,2.84E-01
931,0.3854,2.69E-01
932,0.28386,1.98E-01
933,0.23459,1.64E-01
934,0.13604,9.48E-02
935,0.2369,1.65E-01
936,0.15267,1.06E-01
937,0.15453,1.08E-01
938,0.18962,1.32E-01
939,0.37591,2.62E-01
940,0.44411,3.10E-01
941,0.35071,2.44E-01
942,0.38192,2.66E-01
943,0.26289,1.83E-01
944,0.26987,1.88E-01
945,0.34729,2.42E-01
946,0.18409,1.28E-01
947,0.3501,2.44E-01
948,0.25911,1.81E-01
949,0.46514,3.24E-01
950,0.13944,9.72E-02
951,0.45563,3.18E-01
952,0.25418,1.77E-01
953,0.32442,2.26E-01
954,0.39988,2.79E-01
955,0.32204,2.24E-01
956,0.30996,2.16E-01
957,0.25591,1.78E-01
958,0.43453,3.03E-01
959,0.35294,2.46E-01
960,0.39685,2.77E-01
961,0.43481,3.03E-01
962,0.41664,2.90E-01
963,0.47585,3.32E-01
964,0.43242,3.01E-01
965,0.47469,3.31E-01
966,0.47377,3.30E-01
967,0.47353,3.30E-01
968,0.61301,4.27E-01
969,0.6448,4.49E-01
970,0.59689,4.16E-01
971,0.67059,4.67E-01
972,0.64629,4.50E-01
973,0.57081,3.98E-01
974,0.5417,3.78E-01
975,0.55536,3.87E-01
976,0.53872,3.75E-01
977,0.60084,4.19E-01
978,0.57903,4.04E-01
979,0.60046,4.19E-01
980,0.56941,3.97E-01
981,0.67058,4.67E-01
982,0.65102,4.54E-01
983,0.62915,4.38E-01
984,0.6929,4.83E-01
985,0.64734,4.51E-01
986,0.70553,4.92E-01
987,0.69489,4.84E-01
988,0.69059,4.81E-01
989,0.70391,4.91E-01
990,0.68843,4.80E-01
991,0.70833,4.94E-01
992,0.70597,4.92E-01
993,0.69325,4.83E-01
994,0.70891,4.94E-01
995,0.70673,4.93E-01
996,0.70409,4.91E-01
997,0.69555,4.85E-01
998,0.69481,4.84E-01
999,0.69455,4.84E-01
1000,0.69159,4.82E-01
1001,0.70013,4.88E-01
1002,0.68498,4.77E-01
1003,0.69086,4.82E-01
1004,0.68056,4.74E-01
1005,0.6414,4.47E-01
1006,0.67047,4.67E-01
1007,0.68463,4.77E-01
1008,0.68407,4.77E-01
1009,0.67742,4.72E-01
1010,0.67695,4.72E-01
1011,0.68034,4.74E-01
1012,0.67667,4.72E-01
1013,0.67556,4.71E-01
1014,0.67848,4.73E-01
1015,0.66676,4.65E-01
1016,0.66976,4.67E-01
1017,0.66237,4.62E-01
1018,0.67263,4.69E-01
1019,0.6488,4.52E-01
1020,0.65839,4.59E-01
1021,0.66107,4.61E-01
1022,0.6498,4.53E-01
1023,0.6549,4.56E-01
1024,0.65077,4.54E-01
1025,0.65727,4.58E-01
1026,0.65625,4.57E-01
1027,0.65318,4.55E-01
1028,0.65398,4.56E-01
1029,0.64687,4.51E-01
1030,0.65092,4.54E-01
1031,0.64799,4.52E-01
1032,0.64852,4.52E-01
1033,0.63751,4.44E-01
1034,0.64136,4.47E-01
1035,0.64348,4.48E-01
1036,0.64323,4.48E-01
1037,0.63664,4.44E-01
1038,0.63361,4.42E-01
1039,0.63802,4.45E-01
1040,0.63366,4.42E-01
1041,0.63379,4.42E-01
1042,0.63406,4.42E-01
1043,0.62773,4.38E-01
1044,0.63067,4.40E-01
1045,0.62712,4.37E-01
1046,0.61078,4.26E-01
1047,0.62008,4.32E-01
1048,0.62559,4.36E-01
1049,0.62206,4.34E-01
1050,0.61802,4.31E-01
1051,0.61862,4.31E-01
1052,0.61487,4.29E-01
1053,0.61302,4.27E-01
1054,0.61048,4.25E-01
1055,0.61242,4.27E-01
1056,0.61055,4.26E-01
1057,0.6091,4.25E-01
1058,0.60286,4.20E-01
1059,0.58453,4.07E-01
1060,0.60073,4.19E-01
1061,0.58694,4.09E-01
1062,0.59782,4.17E-01
1063,0.58815,4.10E-01
1064,0.59722,4.16E-01
1065,0.59461,4.14E-01
1066,0.5833,4.07E-01
1067,0.58637,4.09E-01
1068,0.58561,4.08E-01
1069,0.55428,3.86E-01
1070,0.57178,3.99E-01
1071,0.58304,4.06E-01
1072,0.58194,4.06E-01
1073,0.57086,3.98E-01
1074,0.5878,4.10E-01
1075,0.56054,3.91E-01
1076,0.58141,4.05E-01
1077,0.57175,3.98E-01
1078,0.57076,3.98E-01
1079,0.5721,3.99E-01
1080,0.56519,3.94E-01
1081,0.54973,3.83E-01
1082,0.55773,3.89E-01
1083,0.56603,3.95E-01
1084,0.54775,3.82E-01
1085,0.56163,3.91E-01
1086,0.52496,3.66E-01
1087,0.53685,3.74E-01
1088,0.56159,3.91E-01
1089,0.54856,3.82E-01
1090,0.52656,3.67E-01
1091,0.55722,3.88E-01
1092,0.55048,3.84E-01
1093,0.48417,3.37E-01
1094,0.5112,3.56E-01
1095,0.49363,3.44E-01
1096,0.47731,3.33E-01
1097,0.54805,3.82E-01
1098,0.47709,3.33E-01
1099,0.48161,3.36E-01
1100,0.46113,3.21E-01
1101,0.47169,3.29E-01
1102,0.44513,3.10E-01
1103,0.44291,3.09E-01
1104,0.44412,3.10E-01
1105,0.48065,3.35E-01
1106,0.3784,2.64E-01
1107,0.45866,3.20E-01
1108,0.39517,2.75E-01
1109,0.39249,2.74E-01
1110,0.45496,3.17E-01
1111,0.31572,2.20E-01
1112,0.3933,2.74E-01
1113,0.25599,1.78E-01
1114,0.28576,1.99E-01
1115,0.23833,1.66E-01
1116,0.19223,1.34E-01
1117,0.076164,5.31E-02
1118,0.20763,1.45E-01
1119,0.10821,7.54E-02
1120,0.13562,9.45E-02
1121,0.17753,1.24E-01
1122,0.078159,5.45E-02
1123,0.12255,8.54E-02
1124,0.10397,7.25E-02
1125,0.13794,9.61E-02
1126,0.049394,3.44E-02
1127,0.15032,1.05E-01
1128,0.094946,6.62E-02
1129,0.10133,7.06E-02
1130,0.067568,4.71E-02
1131,0.28201,1.97E-01
1132,0.22359,1.56E-01
1133,0.14661,1.02E-01
1134,0.039988,2.79E-02
1135,0.014819,1.03E-02
1136,0.1232,8.59E-02
1137,0.27472,1.91E-01
1138,0.19428,1.35E-01
1139,0.28484,1.99E-01
1140,0.24447,1.70E-01
1141,0.18486,1.29E-01
1142,0.21481,1.50E-01
1143,0.29758,2.07E-01
1144,0.10843,7.56E-02
1145,0.13976,9.74E-02
1146,0.15085,1.05E-01
1147,0.056715,3.95E-02
1148,0.25898,1.81E-01
1149,0.20894,1.46E-01
1150,0.11648,8.12E-02
1151,0.19453,1.36E-01
1152,0.23666,1.65E-01
1153,0.22762,1.59E-01
1154,0.13643,9.51E-02
1155,0.29903,2.08E-01
1156,0.26837,1.87E-01
1157,0.3004,2.09E-01
1158,0.2977,2.07E-01
1159,0.32163,2.24E-01
1160,0.27371,1.91E-01
1161,0.33167,2.31E-01
1162,0.33412,2.33E-01
1163,0.44644,3.11E-01
1164,0.38332,2.67E-01
1165,0.3708,2.58E-01
1166,0.35781,2.49E-01
1167,0.39105,2.73E-01
1168,0.40018,2.79E-01
1169,0.40348,2.81E-01
1170,0.43731,3.05E-01
1171,0.4275,2.98E-01
1172,0.4337,3.02E-01
1173,0.43522,3.03E-01
1174,0.32193,2.24E-01
1175,0.43142,3.01E-01
1176,0.45447,3.17E-01
1177,0.4504,3.14E-01
1178,0.34391,2.40E-01
1179,0.46114,3.21E-01
1180,0.42052,2.93E-01
1181,0.43423,3.03E-01
1182,0.30903,2.15E-01
1183,0.41853,2.92E-01
1184,0.40083,2.79E-01
1185,0.38908,2.71E-01
1186,0.45518,3.17E-01
1187,0.43494,3.03E-01
1188,0.32039,2.23E-01
1189,0.39685,2.77E-01
1190,0.44124,3.08E-01
1191,0.42638,2.97E-01
1192,0.45171,3.15E-01
1193,0.4337,3.02E-01
1194,0.44751,3.12E-01
1195,0.42671,2.97E-01
1196,0.41188,2.87E-01
1197,0.45527,3.17E-01
1198,0.41426,2.89E-01
1199,0.34869,2.43E-01
1200,0.42789,2.98E-01
1201,0.41735,2.91E-01
1202,0.41743,2.91E-01
1203,0.41441,2.89E-01
1204,0.34645,2.41E-01
1205,0.41714,2.91E-01
1206,0.45872,3.20E-01
1207,0.41044,2.86E-01
1208,0.41379,2.88E-01
1209,0.39548,2.76E-01
1210,0.43267,3.02E-01
1211,0.40319,2.81E-01
1212,0.40572,2.83E-01
1213,0.44804,3.12E-01
1214,0.41443,2.89E-01
1215,0.40851,2.85E-01
1216,0.44509,3.10E-01
1217,0.43457,3.03E-01
1218,0.43842,3.06E-01
1219,0.42639,2.97E-01
1220,0.43724,3.05E-01
1221,0.44413,3.10E-01
1222,0.43096,3.00E-01
1223,0.424,2.96E-01
1224,0.42788,2.98E-01
1225,0.44141,3.08E-01
1226,0.44696,3.12E-01
1227,0.4136,2.88E-01
1228,0.44544,3.10E-01
1229,0.44608,3.11E-01
1230,0.43928,3.06E-01
1231,0.45067,3.14E-01
1232,0.44525,3.10E-01
1233,0.43359,3.02E-01
1234,0.44893,3.13E-01
1235,0.44409,3.10E-01
1236,0.44795,3.12E-01
1237,0.44259,3.08E-01
1238,0.44694,3.12E-01
1239,0.44194,3.08E-01
1240,0.44011,3.07E-01
1241,0.4413,3.08E-01
1242,0.44179,3.08E-01
1243,0.43712,3.05E-01
1244,0.43499,3.03E-01
1245,0.43622,3.04E-01
1246,0.43902,3.06E-01
1247,0.43715,3.05E-01
1248,0.43828,3.05E-01
1249,0.4393,3.06E-01
1250,0.43684,3.04E-01
1251,0.4326,3.02E-01
1252,0.43106,3.00E-01
1253,0.42803,2.98E-01
1254,0.42416,2.96E-01
1255,0.43088,3.00E-01
1256,0.42096,2.93E-01
1257,0.4163,2.90E-01
1258,0.42549,2.97E-01
1259,0.40868,2.85E-01
1260,0.41235,2.87E-01
1261,0.39371,2.74E-01
1262,0.37867,2.64E-01
1263,0.383,2.67E-01
1264,0.35568,2.48E-01
1265,0.37871,2.64E-01
1266,0.36881,2.57E-01
1267,0.37159,2.59E-01
1268,0.35475,2.47E-01
1269,0.23656,1.65E-01
1270,0.37087,2.58E-01
1271,0.39062,2.72E-01
1272,0.39114,2.73E-01
1273,0.38874,2.71E-01
1274,0.38864,2.71E-01
1275,0.39455,2.75E-01
1276,0.39895,2.78E-01
1277,0.40191,2.80E-01
1278,0.40916,2.85E-01
1279,0.40626,2.83E-01
1280,0.40387,2.81E-01
1281,0.39554,2.76E-01
1282,0.35695,2.49E-01
1283,0.38978,2.72E-01
1284,0.40268,2.81E-01
1285,0.40577,2.83E-01
1286,0.40878,2.85E-01
1287,0.40405,2.82E-01
1288,0.40192,2.80E-01
1289,0.39194,2.73E-01
1290,0.39522,2.75E-01
1291,0.40004,2.79E-01
1292,0.37946,2.64E-01
1293,0.39506,2.75E-01
1294,0.38709,2.70E-01
1295,0.38801,2.70E-01
1296,0.37322,2.60E-01
1297,0.35583,2.48E-01
1298,0.37536,2.62E-01
1299,0.39127,2.73E-01
1300,0.33855,2.36E-01
1301,0.34728,2.42E-01
1302,0.37539,2.62E-01
1303,0.33197,2.31E-01
1304,0.28849,2.01E-01
1305,0.36783,2.56E-01
1306,0.36853,2.57E-01
1307,0.29362,2.05E-01
1308,0.33277,2.32E-01
1309,0.36822,2.57E-01
1310,0.28908,2.01E-01
1311,0.32012,2.23E-01
1312,0.31986,2.23E-01
1313,0.30089,2.10E-01
1314,0.2769,1.93E-01
1315,0.27447,1.91E-01
1316,0.31113,2.17E-01
1317,0.29969,2.09E-01
1318,0.31984,2.23E-01
1319,0.25803,1.80E-01
1320,0.24864,1.73E-01
1321,0.28684,2.00E-01
1322,0.29023,2.02E-01
1323,0.22386,1.56E-01
1324,0.25231,1.76E-01
1325,0.30943,2.16E-01
1326,0.26956,1.88E-01
1327,0.25593,1.78E-01
1328,0.22555,1.57E-01
1329,0.17097,1.19E-01
1330,0.22052,1.54E-01
1331,0.13951,9.72E-02
1332,0.14046,9.79E-02
1333,0.19545,1.36E-01
1334,0.16302,1.14E-01
1335,0.22244,1.55E-01
1336,0.1767,1.23E-01
1337,0.15852,1.10E-01
1338,0.17151,1.20E-01
1339,0.17033,1.19E-01
1340,0.16216,1.13E-01
1341,0.16419,1.14E-01
1342,0.17149,1.20E-01
1343,0.12259,8.54E-02
1344,0.073018,5.09E-02
1345,0.10521,7.33E-02
1346,0.056189,3.92E-02
1347,0.058058,4.05E-02
1348,0.0045862,3.20E-03
1349,0.015617,1.09E-02
1350,0.015488,1.08E-02
1351,0.0044759,3.12E-03
1352,0.0014661,1.02E-03
1353,9.29E-05,6.48E-05
1354,2.81E-04,1.96E-04
1355,3.48E-06,2.43E-06
1356,4.65E-05,3.24E-05
1357,6.94E-05,4.84E-05
1358,4.06E-06,2.83E-06
1359,7.10E-07,4.95E-07
1360,2.07E-06,1.44E-06
1361,4.66E-09,3.25E-09
1362,1.75E-11,1.22E-11
1363,3.05E-06,2.13E-06
1364,1.32E-06,9.17E-07
1365,8.78E-12,6.12E-12
1366,1.24E-05,8.63E-06
1367,4.82E-06,3.36E-06
1368,1.43E-13,9.97E-14
1369,5.00E-07,3.49E-07
1370,2.83E-07,1.97E-07
1371,1.91E-08,1.33E-08
1372,2.66E-06,1.86E-06
1373,4.30E-05,3.00E-05
1374,1.74E-04,1.21E-04
1375,3.13E-04,2.18E-04
1376,2.49E-04,1.74E-04
1377,1.19E-04,8.28E-05
1378,0.0010741,7.49E-04
1379,5.05E-05,3.52E-05
1380,7.90E-05,5.51E-05
1381,2.30E-06,1.60E-06
1382,2.49E-06,1.73E-06
1383,4.27E-08,2.97E-08
1384,5.98E-07,4.17E-07
1385,2.03E-06,1.41E-06
1386,2.44E-06,1.70E-06
1387,1.93E-04,1.34E-04
1388,3.90E-06,2.72E-06
1389,5.63E-04,3.93E-04
1390,4.78E-04,3.33E-04
1391,3.33E-04,2.32E-04
1392,2.31E-05,1.61E-05
1393,1.12E-04,7.83E-05
1394,7.33E-05,5.11E-05
1395,6.51E-07,4.54E-07
1396,6.13E-09,4.28E-09
1397,4.76E-05,3.32E-05
1398,0.0012329,8.59E-04
1399,7.88E-04,5.49E-04
1400,3.15E-09,2.20E-09
1401,1.02E-08,7.12E-09
1402,0.0017817,1.24E-03
1403,0.0023108,1.61E-03
1404,7.18E-04,5.00E-04
1405,3.54E-07,2.47E-07
1406,0.0019861,1.38E-03
1407,1.70E-04,1.18E-04
1408,0.0016023,1.12E-03
1409,6.02E-04,4.19E-04
1410,4.53E-04,3.16E-04
1411,0.0020544,1.43E-03
1412,0.002565,1.79E-03
1413,0.02269,1.58E-02
1414,3.54E-04,2.46E-04
1415,1.79E-04,1.24E-04
1416,0.034561,2.41E-02
1417,0.011431,7.97E-03
1418,0.013182,9.19E-03
1419,0.0020851,1.45E-03
1420,0.0080437,5.61E-03
1421,0.0089117,6.21E-03
1422,0.045023,3.14E-02
1423,0.0089676,6.25E-03
1424,0.016511,1.15E-02
1425,0.025142,1.75E-02
1426,0.027032,1.88E-02
1427,0.04818,3.36E-02
1428,0.004436,3.09E-03
1429,0.036985,2.58E-02
1430,0.059912,4.18E-02
1431,0.048792,3.40E-02
1432,0.0024524,1.71E-03
1433,0.03487,2.43E-02
1434,0.020403,1.42E-02
1435,0.020847,1.45E-02
1436,0.037326,2.60E-02
1437,0.029085,2.03E-02
1438,0.012913,9.00E-03
1439,0.049672,3.46E-02
1440,0.038547,2.69E-02
1441,0.030959,2.16E-02
1442,0.035356,2.46E-02
1443,0.043868,3.06E-02
1444,0.060143,4.19E-02
1445,0.048434,3.38E-02
1446,0.022492,1.57E-02
1447,0.035265,2.46E-02
1448,0.11254,7.84E-02
1449,0.099374,6.93E-02
1450,0.026699,1.86E-02
1451,0.01098,7.65E-03
1452,0.060718,4.23E-02
1453,0.079803,5.56E-02
1454,0.13384,9.33E-02
1455,0.064409,4.49E-02
1456,0.086158,6.01E-02
1457,0.11386,7.94E-02
1458,0.13273,9.25E-02
1459,0.1586,1.11E-01
1460,0.083161,5.80E-02
1461,0.087886,6.13E-02
1462,0.12708,8.86E-02
1463,0.042106,2.94E-02
1464,0.1477,1.03E-01
1465,0.090911,6.34E-02
1466,0.063498,4.43E-02
1467,0.035128,2.45E-02
1468,0.074928,5.22E-02
1469,0.092344,6.44E-02
1470,0.048397,3.37E-02
1471,0.017394,1.21E-02
1472,0.045566,3.18E-02
1473,0.068368,4.77E-02
1474,0.094765,6.61E-02
1475,0.17954,1.25E-01
1476,0.066987,4.67E-02
1477,0.067916,4.73E-02
1478,0.061825,4.31E-02
1479,0.1168,8.14E-02
1480,0.059063,4.12E-02
1481,0.11221,7.82E-02
1482,0.056967,3.97E-02
1483,0.14454,1.01E-01
1484,0.13375,9.32E-02
1485,0.12168,8.48E-02
1486,0.12008,8.37E-02
1487,0.059042,4.12E-02
1488,0.091654,6.39E-02
1489,0.18443,1.29E-01
1490,0.16993,1.18E-01
1491,0.19222,1.34E-01
1492,0.15986,1.11E-01
1493,0.17651,1.23E-01
1494,0.19794,1.38E-01
1495,0.17745,1.24E-01
1496,0.16385,1.14E-01
1497,0.22198,1.55E-01
1498,0.18437,1.29E-01
1499,0.21141,1.47E-01
1500,0.24339,1.70E-01
1501,0.25782,1.80E-01
1502,0.22688,1.58E-01
1503,0.17972,1.25E-01
1504,0.15586,1.09E-01
1505,0.17885,1.25E-01
1506,0.25026,1.74E-01
1507,0.24779,1.73E-01
1508,0.23606,1.65E-01
1509,0.18169,1.27E-01
1510,0.26269,1.83E-01
1511,0.2571,1.79E-01
1512,0.25315,1.76E-01
1513,0.23544,1.64E-01
1514,0.2193,1.53E-01
1515,0.25804,1.80E-01
1516,0.24943,1.74E-01
1517,0.24214,1.69E-01
1518,0.24489,1.71E-01
1519,0.23739,1.65E-01
1520,0.25688,1.79E-01
1521,0.26707,1.86E-01
1522,0.25617,1.79E-01
1523,0.27192,1.90E-01
1524,0.26743,1.86E-01
1525,0.2514,1.75E-01
1526,0.25977,1.81E-01
1527,0.25468,1.78E-01
1528,0.27122,1.89E-01
1529,0.2646,1.84E-01
1530,0.24789,1.73E-01
1531,0.262,1.83E-01
1532,0.27039,1.88E-01
1533,0.26918,1.88E-01
1534,0.26122,1.82E-01
1535,0.25924,1.81E-01
1536,0.26679,1.86E-01
1537,0.26558,1.85E-01
1538,0.26427,1.84E-01
1539,0.26519,1.85E-01
1540,0.25737,1.79E-01
1541,0.26141,1.82E-01
1542,0.26165,1.82E-01
1543,0.26439,1.84E-01
1544,0.26443,1.84E-01
1545,0.26922,1.88E-01
1546,0.26705,1.86E-01
1547,0.26537,1.85E-01
1548,0.2592,1.81E-01
1549,0.26568,1.85E-01
1550,0.26226,1.83E-01
1551,0.26293,1.83E-01
1552,0.26415,1.84E-01
1553,0.26366,1.84E-01
1554,0.25727,1.79E-01
1555,0.26005,1.81E-01
1556,0.25569,1.78E-01
1557,0.26301,1.83E-01
1558,0.26093,1.82E-01
1559,0.26054,1.82E-01
1560,0.25821,1.80E-01
1561,0.26242,1.83E-01
1562,0.26003,1.81E-01
1563,0.25917,1.81E-01
1564,0.25525,1.78E-01
1565,0.25975,1.81E-01
1566,0.25506,1.78E-01
1567,0.25566,1.78E-01
1568,0.24997,1.74E-01
1569,0.24736,1.72E-01
1570,0.23497,1.64E-01
1571,0.2285,1.59E-01
1572,0.23108,1.61E-01
1573,0.2275,1.59E-01
1574,0.23464,1.64E-01
1575,0.23294,1.62E-01
1576,0.2398,1.67E-01
1577,0.20994,1.46E-01
1578,0.22854,1.59E-01
1579,0.23005,1.60E-01
1580,0.23772,1.66E-01
1581,0.24165,1.68E-01
1582,0.23508,1.64E-01
1583,0.24051,1.68E-01
1584,0.24194,1.69E-01
1585,0.25135,1.75E-01
1586,0.24838,1.73E-01
1587,0.24579,1.71E-01
1588,0.24388,1.70E-01
1589,0.22567,1.57E-01
1590,0.23486,1.64E-01
1591,0.23503,1.64E-01
1592,0.24502,1.71E-01
1593,0.25092,1.75E-01
1594,0.2489,1.73E-01
1595,0.25083,1.75E-01
1596,0.23751,1.66E-01
1597,0.23985,1.67E-01
1598,0.24693,1.72E-01
1599,0.23511,1.64E-01
1600,0.23133,1.61E-01
1601,0.21691,1.51E-01
1602,0.2178,1.52E-01
1603,0.21765,1.52E-01
1604,0.22197,1.55E-01
1605,0.2301,1.60E-01
1606,0.23453,1.63E-01
1607,0.22637,1.58E-01
1608,0.22343,1.56E-01
1609,0.22088,1.54E-01
1610,0.21146,1.47E-01
1611,0.22039,1.54E-01
1612,0.22422,1.56E-01
1613,0.23047,1.61E-01
1614,0.23162,1.61E-01
1615,0.2342,1.63E-01
1616,0.22395,1.56E-01
1617,0.22798,1.59E-01
1618,0.2366,1.65E-01
1619,0.23415,1.63E-01
1620,0.22783,1.59E-01
1621,0.22765,1.59E-01
1622,0.23081,1.61E-01
1623,0.23559,1.64E-01
1624,0.23582,1.64E-01
1625,0.23109,1.61E-01
1626,0.23294,1.62E-01
1627,0.23398,1.63E-01
1628,0.23446,1.63E-01
1629,0.23456,1.63E-01
1630,0.22984,1.60E-01
1631,0.23136,1.61E-01
1632,0.23151,1.61E-01
1633,0.22614,1.58E-01
1634,0.22628,1.58E-01
1635,0.22712,1.58E-01
1636,0.22879,1.59E-01
1637,0.22064,1.54E-01
1638,0.21393,1.49E-01
1639,0.2141,1.49E-01
1640,0.20913,1.46E-01
1641,0.21348,1.49E-01
1642,0.21467,1.50E-01
1643,0.20939,1.46E-01
1644,0.21733,1.51E-01
1645,0.21216,1.48E-01
1646,0.21147,1.47E-01
1647,0.22135,1.54E-01
1648,0.21057,1.47E-01
1649,0.21261,1.48E-01
1650,0.21902,1.53E-01
1651,0.20281,1.41E-01
1652,0.21754,1.52E-01
1653,0.21661,1.51E-01
1654,0.20991,1.46E-01
1655,0.21619,1.51E-01
1656,0.21494,1.50E-01
1657,0.21613,1.51E-01
1658,0.2187,1.52E-01
1659,0.21514,1.50E-01
1660,0.21721,1.51E-01
1661,0.21774,1.52E-01
1662,0.21313,1.49E-01
1663,0.2163,1.51E-01
1664,0.21498,1.50E-01
1665,0.20607,1.44E-01
1666,0.17411,1.21E-01
1667,0.20502,1.43E-01
1668,0.20881,1.46E-01
1669,0.20939,1.46E-01
1670,0.21573,1.50E-01
1671,0.21294,1.48E-01
1672,0.20582,1.43E-01
1673,0.21052,1.47E-01
1674,0.21002,1.46E-01
1675,0.20793,1.45E-01
1676,0.20584,1.43E-01
1677,0.20668,1.44E-01
1678,0.20365,1.42E-01
1679,0.20741,1.45E-01
1680,0.20017,1.40E-01
1681,0.18936,1.32E-01
1682,0.1983,1.38E-01
1683,0.20357,1.42E-01
1684,0.19283,1.34E-01
1685,0.20763,1.45E-01
1686,0.20476,1.43E-01
1687,0.19951,1.39E-01
1688,0.20465,1.43E-01
1689,0.20178,1.41E-01
1690,0.19991,1.39E-01
1691,0.18808,1.31E-01
1692,0.20174,1.41E-01
1693,0.20587,1.43E-01
1694,0.1995,1.39E-01
1695,0.20427,1.42E-01
1696,0.20383,1.42E-01
1697,0.17649,1.23E-01
1698,0.20207,1.41E-01
1699,0.20024,1.40E-01
1700,0.19464,1.36E-01
1702,0.19874,1.39E-01
1705,0.19275,1.34E-01
1710,0.18316,1.28E-01
1715,0.1849,1.29E-01
1720,0.18231,1.27E-01
1725,0.17367,1.21E-01
1730,0.16979,1.18E-01
1735,0.15758,1.10E-01
1740,0.16405,1.14E-01
1745,0.15105,1.05E-01
1750,0.16162,1.13E-01
1755,0.14931,1.04E-01
1760,0.15608,1.09E-01
1765,0.12967,9.04E-02
1770,0.13831,9.64E-02
1775,0.11213,7.82E-02
1780,0.098143,6.84E-02
1785,0.075201,5.24E-02
1790,0.086831,6.05E-02
1795,0.045864,3.20E-02
1800,0.031112,2.17E-02
1805,0.014485,1.01E-02
1810,0.0094762,6.60E-03
1815,0.0032093,2.24E-03
1820,9.66E-04,6.73E-04
1825,0.0012463,8.69E-04
1830,5.09E-06,3.55E-06
1835,6.28E-06,4.38E-06
1840,6.13E-08,4.27E-08
1845,6.13E-06,4.27E-06
1850,2.93E-06,2.05E-06
1855,2.78E-07,1.94E-07
1860,1.09E-05,7.61E-06
1865,1.66E-05,1.16E-05
1870,2.61E-10,1.82E-10
1875,4.43E-10,3.09E-10
1880,7.61E-05,5.31E-05
1885,4.31E-05,3.01E-05
1890,2.20E-04,1.53E-04
1895,1.27E-04,8.88E-05
1900,8.49E-07,5.92E-07
1905,5.58E-07,3.89E-07
1910,2.27E-05,1.58E-05
1915,1.97E-05,1.37E-05
1920,4.45E-04,3.10E-04
1925,9.23E-04,6.43E-04
1930,5.45E-04,3.80E-04
1935,0.0035428,2.47E-03
1940,0.0032357,2.26E-03
1945,0.010707,7.46E-03
1950,0.016482,1.15E-02
1955,0.009886,6.89E-03
1960,0.021569,1.50E-02
1965,0.028114,1.96E-02
1970,0.048055,3.35E-02
1975,0.06673,4.65E-02
1980,0.074234,5.17E-02
1985,0.081625,5.69E-02
1990,0.084124,5.86E-02
1995,0.079787,5.56E-02
2000,0.037491,2.61E-02
2005,0.014747,1.03E-02
2010,0.039071,2.72E-02
2015,0.026208,1.83E-02
2020,0.044239,3.08E-02
2025,0.072779,5.07E-02
2030,0.08346,5.82E-02
2035,0.094808,6.61E-02
2040,0.088344,6.16E-02
2045,0.089636,6.25E-02
2050,0.066892,4.66E-02
2055,0.05409,3.77E-02
2060,0.068157,4.75E-02
2065,0.060962,4.25E-02
2070,0.064715,4.51E-02
2075,0.076305,5.32E-02
2080,0.085528,5.96E-02
2085,0.083847,5.84E-02
2090,0.087779,6.12E-02
2095,0.088421,6.16E-02
2100,0.084869,5.92E-02
2105,0.091771,6.40E-02
2110,0.08832,6.16E-02
2115,0.090308,6.29E-02
2120,0.086281,6.01E-02
2125,0.087303,6.09E-02
2130,0.088422,6.16E-02
2135,0.088679,6.18E-02
2140,0.08939,6.23E-02
2145,0.088132,6.14E-02
2150,0.083369,5.81E-02
2155,0.083566,5.82E-02
2160,0.082912,5.78E-02
2165,0.075175,5.24E-02
2170,0.080776,5.63E-02
2175,0.079257,5.52E-02
2180,0.080597,5.62E-02
2185,0.073458,5.12E-02
2190,0.077905,5.43E-02
2195,0.077833,5.43E-02
2200,0.070175,4.89E-02
2205,0.072947,5.08E-02
2210,0.078174,5.45E-02
2215,0.075189,5.24E-02
2220,0.076631,5.34E-02
2225,0.0744,5.19E-02
2230,0.074727,5.21E-02
2235,0.07329,5.11E-02
2240,0.07214,5.03E-02
2245,0.069911,4.87E-02
2250,0.071034,4.95E-02
2255,0.066865,4.66E-02
2260,0.066143,4.61E-02
2265,0.067355,4.69E-02
2270,0.064138,4.47E-02
2275,0.063309,4.41E-02
2280,0.065551,4.57E-02
2285,0.062389,4.35E-02
2290,0.062534,4.36E-02
2295,0.060603,4.22E-02
2300,0.058193,4.06E-02
2305,0.058544,4.08E-02
2310,0.063189,4.40E-02
2315,0.057528,4.01E-02
2320,0.051489,3.59E-02
2325,0.055626,3.88E-02
2330,0.056231,3.92E-02
2335,0.057362,4.00E-02
2340,0.045366,3.16E-02
2345,0.050869,3.55E-02
2350,0.041115,2.87E-02
2355,0.046988,3.28E-02
2360,0.049724,3.47E-02
2365,0.048909,3.41E-02
2370,0.030514,2.13E-02
2375,0.043704,3.05E-02
2380,0.042128,2.94E-02
2385,0.030525,2.13E-02
2390,0.036748,2.56E-02
2395,0.040199,2.80E-02
2400,0.043726,3.05E-02
2405,0.033286,2.32E-02
2410,0.033504,2.34E-02
2415,0.027058,1.89E-02
2420,0.026358,1.84E-02
2425,0.032802,2.29E-02
2430,0.044725,3.12E-02
2435,0.014765,1.03E-02
2440,0.042926,2.99E-02
2445,0.020657,1.44E-02
2450,0.013523,9.43E-03
2455,0.024695,1.72E-02
2460,0.033157,2.31E-02
2465,0.024009,1.67E-02
2470,0.016635,1.16E-02
2475,0.016368,1.14E-02
2480,0.0079996,5.58E-03
2485,0.005584,3.89E-03
2490,0.0034957,2.44E-03
2495,0.0028647,2.00E-03
2500,0.0070328,4.90E-03
2505,0.0015124,1.05E-03
2510,0.0022063,1.54E-03
2515,5.16E-04,3.60E-04
2520,3.69E-04,2.57E-04
2525,4.12E-05,2.87E-05
2530,6.33E-07,4.41E-07
2535,1.74E-07,1.21E-07
2540,3.75E-07,2.62E-07
2545,5.35E-11,3.73E-11
2550,2.81E-13,1.96E-13
2555,1.04E-09,7.23E-10
2560,3.08E-11,2.15E-11
2565,1.58E-14,1.10E-14
2570,1.52E-18,1.06E-18
2575,1.07E-27,7.46E-28
2580,3.79E-22,2.64E-22
2585,1.71E-34,1.19E-34
2590,5.44E-31,3.79E-31
2595,2.27E-33,1.58E-33
2600,4.46E-28,3.11E-28
2605,5.76E-35,4.01E-35
2610,5.90E-34,4.11E-34
2615,1.11E-37,7.74E-38
2620,5.61E-29,3.91E-29
2625,3.84E-28,2.67E-28
2630,2.80E-45,1.95E-45
2635,3.87E-16,2.70E-16
2640,1.17E-16,8.12E-17
2645,8.93E-19,6.22E-19
2650,1.42E-19,9.89E-20
2655,1.30E-27,9.09E-28
2660,2.59E-25,1.80E-25
2665,1.10E-37,7.70E-38
2670,0,0.00E+00
2675,0,0.00E+00
2680,0,0.00E+00
2685,0,0.00E+00
2690,1.02E-29,7.09E-30
2695,7.10E-33,4.95E-33
2700,0,0.00E+00
2705,2.93E-42,2.04E-42
2710,1.12E-35,7.83E-36
2715,3.85E-26,2.69E-26
2720,5.61E-45,3.91E-45
2725,7.31E-22,5.09E-22
2730,6.09E-19,4.25E-19
2735,5.51E-21,3.84E-21
2740,2.34E-27,1.63E-27
2745,1.32E-23,9.22E-24
2750,1.68E-28,1.17E-28
2755,6.73E-44,4.69E-44
2760,0,0.00E+00
2765,2.70E-27,1.88E-27
2770,8.45E-24,5.89E-24
2775,4.04E-38,2.81E-38
2780,4.85E-34,3.38E-34
2785,3.93E-27,2.74E-27
2790,1.23E-16,8.57E-17
2795,3.66E-16,2.55E-16
2800,1.67E-12,1.16E-12
2805,6.82E-14,4.76E-14
2810,4.07E-10,2.84E-10
2815,2.90E-10,2.02E-10
2820,2.08E-11,1.45E-11
2825,1.78E-07,1.24E-07
2830,3.95E-06,2.75E-06
2835,2.15E-10,1.50E-10
2840,1.98E-07,1.38E-07
2845,4.11E-05,2.86E-05
2850,1.17E-06,8.16E-07
2855,4.54E-07,3.17E-07
2860,2.57E-05,1.79E-05
2865,1.70E-04,1.18E-04
2870,6.39E-06,4.46E-06
2875,3.97E-04,2.76E-04
2880,2.50E-04,1.74E-04
2885,4.59E-04,3.20E-04
2890,1.89E-04,1.31E-04
2895,0.0026982,1.88E-03
2900,8.22E-04,5.73E-04
2905,1.12E-04,7.83E-05
2910,0.0027566,1.92E-03
2915,0.0012742,8.88E-04
2920,0.0029316,2.04E-03
2925,0.0010973,7.65E-04
2930,0.0059606,4.15E-03
2935,0.0065725,4.58E-03
2940,0.0016479,1.15E-03
2945,0.0014673,1.02E-03
2950,0.0052935,3.69E-03
2955,0.0023655,1.65E-03
2960,0.0046549,3.24E-03
2965,0.0075313,5.25E-03
2970,3.57E-04,2.49E-04
2975,8.65E-04,6.03E-04
2980,0.0013548,9.44E-04
2985,0.0070495,4.91E-03
2990,0.010407,7.25E-03
2995,0.0043286,3.02E-03
3000,0.0079442,5.54E-03
3005,0.0029261,2.04E-03
3010,0.006932,4.83E-03
3015,0.0056232,3.92E-03
3020,6.41E-04,4.47E-04
3025,0.0075948,5.29E-03
3030,0.0061491,4.29E-03
3035,0.002529,1.76E-03
3040,0.0020487,1.43E-03
3045,0.0042599,2.97E-03
3050,0.0010446,7.28E-04
3055,2.93E-04,2.04E-04
3060,0.0063761,4.44E-03
3065,0.0029458,2.05E-03
3070,0.0017699,1.23E-03
3075,0.0060928,4.25E-03
3080,0.0036646,2.55E-03
3085,0.0017876,1.25E-03
3090,0.002408,1.68E-03
3095,6.63E-04,4.62E-04
3100,0.0044513,3.10E-03
3105,9.32E-04,6.50E-04
3110,8.55E-04,5.96E-04
3115,0.0022932,1.60E-03
3120,0.0099294,6.92E-03
3125,0.0030625,2.13E-03
3130,0.0058246,4.06E-03
3135,0.011571,8.06E-03
3140,0.0033603,2.34E-03
3145,0.0032869,2.29E-03
3150,0.0067457,4.70E-03
3155,0.0056965,3.97E-03
3160,0.0093294,6.50E-03
3165,0.014163,9.87E-03
3170,0.012645,8.81E-03
3175,0.0093252,6.50E-03
3180,0.01073,7.48E-03
3185,0.0081644,5.69E-03
3190,0.0042817,2.98E-03
3195,0.0027197,1.90E-03
3200,4.43E-04,3.09E-04
3205,3.13E-04,2.18E-04
3210,1.38E-04,9.60E-05
3215,5.02E-04,3.50E-04
3220,0.0016245,1.13E-03
3225,2.01E-04,1.40E-04
3230,3.44E-04,2.40E-04
3235,0.0073625,5.13E-03
3240,0.0037816,2.64E-03
3245,7.41E-04,5.16E-04
3250,0.0026308,1.83E-03
3255,0.010029,6.99E-03
3260,0.001236,8.61E-04
3265,0.0024686,1.72E-03
3270,0.0012292,8.57E-04
3275,0.0059758,4.16E-03
3280,0.002889,2.01E-03
3285,0.011223,7.82E-03
3290,0.008831,6.15E-03
3295,0.0012337,8.60E-04
3300,0.0017944,1.25E-03
3305,0.0039746,2.77E-03
3310,0.0039565,2.76E-03
3315,1.63E-05,1.13E-05
3320,6.05E-05,4.22E-05
3325,0.0035486,2.47E-03
3330,0.0047014,3.28E-03
3335,0.009147,6.38E-03
3340,0.0034903,2.43E-03
3345,0.0035722,2.49E-03
3350,0.0080998,5.65E-03
3355,0.0036642,2.55E-03
3360,0.0052892,3.69E-03
3365,0.0072591,5.06E-03
3370,0.003977,2.77E-03
3375,0.0085388,5.95E-03
3380,0.0051624,3.60E-03
3385,0.007565,5.27E-03
3390,0.0099552,6.94E-03
3395,0.0096446,6.72E-03
3400,0.012638,8.81E-03
3405,0.0045061,3.14E-03
3410,0.0071547,4.99E-03
3415,0.0073543,5.13E-03
3420,0.013305,9.27E-03
3425,0.010112,7.05E-03
3430,0.008781,6.12E-03
3435,0.011673,8.14E-03
3440,0.0081181,5.66E-03
3445,0.011434,7.97E-03
3450,0.011267,7.85E-03
3455,0.0083938,5.85E-03
3460,0.012657,8.82E-03
3465,0.0099163,6.91E-03
3470,0.012386,8.63E-03
3475,0.011051,7.70E-03
3480,0.011335,7.90E-03
3485,0.012212,8.51E-03
3490,0.01052,7.33E-03
3495,0.012383,8.63E-03
3500,0.012032,8.39E-03
3505,0.011923,8.31E-03
3510,0.012077,8.42E-03
3515,0.011598,8.08E-03
3520,0.012226,8.52E-03
3525,0.011523,8.03E-03
3530,0.011217,7.82E-03
3535,0.0095305,6.64E-03
3540,0.0091011,6.34E-03
3545,0.0096154,6.70E-03
3550,0.010616,7.40E-03
3555,0.0091245,6.36E-03
3560,0.010872,7.58E-03
3565,0.010928,7.62E-03
3570,0.0083951,5.85E-03
3575,0.0087028,6.07E-03
3580,0.010255,7.15E-03
3585,0.0092282,6.43E-03
3590,0.0095145,6.63E-03
3595,0.0097329,6.78E-03
3600,0.010328,7.20E-03
3605,0.010425,7.27E-03
3610,0.0095385,6.65E-03
3615,0.0095318,6.64E-03
3620,0.011686,8.14E-03
3625,0.010302,7.18E-03
3630,0.010016,6.98E-03
3635,0.010362,7.22E-03
3640,0.011549,8.05E-03
3645,0.010663,7.43E-03
3650,0.010183,7.10E-03
3655,0.011042,7.70E-03
3660,0.010978,7.65E-03
3665,0.010313,7.19E-03
3670,0.0079464,5.54E-03
3675,0.0048569,3.39E-03
3680,0.0083789,5.84E-03
3685,0.0094906,6.61E-03
3690,0.0097458,6.79E-03
3695,0.010188,7.10E-03
3700,0.010937,7.62E-03
3705,0.010827,7.55E-03
3710,0.009413,6.56E-03
3715,0.0092731,6.46E-03
3720,0.010429,7.27E-03
3725,0.010751,7.49E-03
3730,0.0093169,6.49E-03
3735,0.008626,6.01E-03
3740,0.0088923,6.20E-03
3745,0.01038,7.23E-03
3750,0.0093341,6.51E-03
3755,0.0090336,6.30E-03
3760,0.0089041,6.21E-03
3765,0.0085891,5.99E-03
3770,0.0091649,6.39E-03
3775,0.0090918,6.34E-03
3780,0.0096158,6.70E-03
3785,0.0088498,6.17E-03
3790,0.0077891,5.43E-03
3795,0.0089056,6.21E-03
3800,0.0098988,6.90E-03
3805,0.0093414,6.51E-03
3810,0.0082771,5.77E-03
3815,0.0077867,5.43E-03
3820,0.0096908,6.75E-03
3825,0.0095402,6.65E-03
3830,0.0096268,6.71E-03
3835,0.007719,5.38E-03
3840,0.0090066,6.28E-03
3845,0.0088097,6.14E-03
3850,0.0088569,6.17E-03
3855,0.0085365,5.95E-03
3860,0.0080197,5.59E-03
3865,0.0081248,5.66E-03
3870,0.0073839,5.15E-03
3875,0.0067832,4.73E-03
3880,0.0065543,4.57E-03
3885,0.0067926,4.73E-03
3890,0.0069028,4.81E-03
3895,0.0074983,5.23E-03
3900,0.0079487,5.54E-03
3905,0.00795,5.54E-03
3910,0.007156,4.99E-03
3915,0.007007,4.88E-03
3920,0.0069665,4.86E-03
3925,0.0068714,4.79E-03
3930,0.0070699,4.93E-03
3935,0.0073743,5.14E-03
3940,0.0074228,5.17E-03
3945,0.0075613,5.27E-03
3950,0.0076475,5.33E-03
3955,0.0077399,5.39E-03
3960,0.0077679,5.41E-03
3965,0.0078253,5.45E-03
3970,0.0076997,5.37E-03
3975,0.007528,5.25E-03
3980,0.0074049,5.16E-03
3985,0.0074503,5.19E-03
3990,0.0073894,5.15E-03
3995,0.0072263,5.04E-03
4000,0.0071199,4.96E-03
,--,--
,--,--
