acceptor,best PCE
39_126_39,21.11091
39_28_86_28_39,20.945095
39_15_86_28_39,20.502439
39_50_86_28_39,20.493611
39_3_86_28_39,20.48432
39_28_86_50_39,20.470919
39_28_86_15_39,20.454294
39_29_86_28_39,20.39739
39_99_86_28_39,20.381785
39_28_86_3_39,20.379887
39_100_86_28_39,20.359862
39_28_86_29_39,20.359498
39_28_86_99_39,20.352988
39_28_86_100_39,20.346525
39_28_86_153_39,20.298632
39_3_86_43_39,20.289883
39_156_86_28_39,20.280838
39_28_86_156_39,20.26939
39_153_86_28_39,20.22495
39_78_86_28_39,20.218838
39_15_86_15_39,20.209936
39_71_86_28_39,20.207741
39_50_34_28_39,20.199416
39_29_86_3_39,20.196232
39_28_86_19_39,20.170115
39_28_86_125_39,20.152826
39_28_86_16_39,20.113056
39_28_86_78_39,20.113048
39_56_86_28_39,20.109555
39_28_86_158_39,20.101499
39_158_86_28_39,20.097614
39_156_2_28_39,20.092084
39_67_86_28_39,20.082247
39_28_86_109_39,20.074286
39_14_86_28_39,20.071251
39_28_86_14_39,20.070542
39_50_86_15_39,20.066748
39_28_86_24_39,20.066526
39_7_86_28_39,20.066435
39_28_86_57_39,20.06243
39_34_86_28_39,20.055202
39_28_86_46_39,20.053103
39_29_86_29_39,20.051866
39_55_86_28_39,20.049897
39_28_86_123_39,20.046859
39_28_86_131_39,20.044522
39_28_86_56_39,20.038951
39_16_86_28_39,20.032005
39_142_86_28_39,20.023122
39_76_86_28_39,19.999747
39_15_86_50_39,19.998776
39_28_86_11_39,19.998684
39_161_86_28_39,19.989661
39_103_86_28_39,19.988797
39_28_86_55_39,19.984267
39_25_86_28_39,19.983259
39_28_86_8_39,19.965818
39_40_86_28_39,19.961722
39_83_39,19.94766
39_159_86_28_39,19.935987
39_28_86_159_39,19.935132
39_46_86_28_39,19.907638
39_79_86_28_39,19.899848
39_100_86_100_39,19.881947
39_100_86_71_39,19.879392
39_50_86_50_39,19.875595
39_28_86_93_39,19.870487
39_28_86_63_39,19.868444
39_156_86_100_39,19.866538
39_28_86_106_39,19.86088
39_47_86_28_39,19.837722
39_3_118_28_39,19.828665
39_28_86_76_39,19.824057
39_16_86_3_39,19.820556
39_49_86_50_39,19.820371
39_28_115_15_39,19.818055
39_135_39,19.817874
39_15_86_158_39,19.814664
39_50_86_153_39,19.812644
39_28_86_157_39,19.809087
39_118_86_28_39,19.806408
39_50_86_12_39,19.804007
39_28_86_138_39,19.799952
39_3_115_28_39,19.798304
39_28_86_149_39,19.795804
39_147_86_15_39,19.791606
39_71_86_153_39,19.7883
39_99_86_100_39,19.785198
39_50_86_49_39,19.784145
39_130_39,19.782828
39_28_86_33_39,19.779867
39_153_86_153_39,19.779237
39_34_39,19.779017
39_3_86_117_39,19.775289
39_50_86_4_39,19.772443
39_50_86_148_39,19.770574
39_153_86_113_39,19.768465
39_130_130_130_39,19.768212
39_155_86_28_39,19.768164
39_15_86_168_39,19.76794
39_54_86_28_39,19.755881
39_38_86_15_39,19.754251
39_125_86_133_39,19.753423
39_50_86_123_39,19.75011
39_29_86_34_39,19.746438
39_126_86_153_39,19.740416
39_50_86_13_39,19.740149
39_153_86_71_39,19.72931
39_28_86_102_39,19.723049
39_50_86_48_39,19.722407
39_49_86_32_39,19.716117
39_28_86_165_39,19.715044
39_123_86_15_39,19.702607
39_113_86_113_39,19.701323
39_28_86_54_39,19.695367
39_71_86_71_39,19.691846
39_28_107_28_39,19.689278
39_20_86_15_39,19.68807
39_15_86_122_39,19.686514
39_19_86_19_39,19.683972
39_12_86_50_39,19.678829
39_130_127_130_39,19.676292
39_50_86_7_39,19.670658
39_49_86_156_39,19.67006
39_29_86_27_39,19.664079
39_133_39,19.658685
39_153_86_50_39,19.65522
39_49_86_49_39,19.649912
39_28_86_136_39,19.648903
39_50_86_159_39,19.646036
39_133_86_153_39,19.644799
39_117_86_50_39,19.643791
39_113_86_50_39,19.630902
39_158_86_125_39,19.63082
39_28_132_158_39,19.630527
39_28_86_145_39,19.623843
39_156_86_156_39,19.62278
39_129_86_99_39,19.618057
39_48_86_50_39,19.615502
39_100_39,19.613084
39_28_86_135_39,19.60967
39_28_86_23_39,19.608405
39_104_39,19.602359
39_50_86_105_39,19.597867
39_158_86_53_39,19.592372
39_30_86_100_39,19.587391
39_108_86_28_39,19.586563
39_122_86_28_39,19.585249
39_153_86_120_39,19.58361
39_38_86_78_39,19.582431
39_28_86_44_39,19.580734
39_61_86_50_39,19.580204
39_30_86_29_39,19.579303
39_110_86_28_39,19.577212
39_28_130_130_39,19.566554
39_151_86_153_39,19.56368
39_24_39,19.561728
39_100_86_158_39,19.561513
39_71_86_12_39,19.54113
39_113_86_126_39,19.540655
39_104_86_28_39,19.539042
39_71_86_30_39,19.537063
39_130_130_28_39,19.536959
39_5_86_158_39,19.527683
39_118_39,19.526517
39_32_86_49_39,19.52321
39_130_127_127_39,19.522457
39_147_86_147_39,19.522415
39_113_86_153_39,19.521158
39_148_86_50_39,19.516654
39_62_86_29_39,19.493591
39_49_86_47_39,19.487936
39_113_86_49_39,19.48563
39_71_86_6_39,19.485053
39_127_127_130_39,19.484026
39_99_86_99_39,19.478695
39_130_130_127_39,19.477676
39_71_86_22_39,19.465853
39_153_86_14_39,19.465518
39_28_127_130_39,19.460194
39_15_104_15_39,19.455406
39_27_86_50_39,19.451817
39_28_130_28_39,19.451728
39_130_127_3_39,19.45034
39_127_130_130_39,19.450125
39_130_130_3_39,19.449627
39_71_86_49_39,19.446574
39_16_86_16_39,19.441813
39_28_86_28_65,19.441446
39_99_86_13_39,19.441059
39_28_86_28_64,19.434336
39_156_86_77_39,19.430874
39_3_127_130_39,19.42809
39_50_118_153_39,19.427214
39_68_86_15_39,19.426121
39_15_86_157_39,19.425612
39_62_86_50_39,19.424567
39_115_39,19.422893
39_76_86_153_39,19.420608
39_7_86_50_39,19.416181
39_148_86_148_39,19.415506
39_28_86_107_39,19.411026
39_86_86_50_39,19.409583
39_28_86_28_55,19.407805
39_30_86_156_39,19.403935
39_3_130_130_39,19.400215
39_50_86_130_55,19.394387
39_38_86_38_39,19.394031
39_29_86_45_39,19.392161
39_132_39,19.384913
39_136_86_15_39,19.380228
39_141_86_141_39,19.378895
39_158_86_158_39,19.37769
39_10_86_99_39,19.377588
39_50_130_130_39,19.376691
39_162_86_99_39,19.376353
39_28_86_28_49,19.365428
39_113_39,19.364376
39_158_86_119_39,19.358263
39_48_86_48_39,19.354154
39_139_86_139_39,19.354024
39_28_86_28_60,19.353613
39_28_86_28_27,19.348647
39_144_86_153_39,19.345727
39_146_86_28_39,19.344937
39_97_86_50_39,19.341394
39_130_130_125_39,19.340947
39_130_127_28_39,19.339658
39_56_86_119_39,19.335396
39_14_86_14_39,19.335374
39_7_86_7_39,19.329654
39_142_86_71_39,19.327113
39_130_130_43_39,19.326292
39_12_86_12_39,19.326149
39_163_86_156_39,19.323693
39_49_86_79_39,19.323605
39_100_130_130_39,19.32144
39_133_130_130_39,19.320343
39_50_86_90_39,19.317477
39_22_86_71_39,19.316132
39_28_125_156_39,19.315829
39_28_86_28_1,19.315702
39_130_127_43_39,19.311777
39_161_86_12_39,19.311568
39_130_130_100_39,19.309367
39_28_86_28_32,19.307932
39_100_86_17_39,19.299194
39_130_129_130_39,19.291402
39_15_86_44_39,19.270493
39_130_130_6_39,19.268932
39_130_130_50_39,19.268582
39_111_86_153_39,19.263519
39_102_86_50_39,19.259338
39_119_86_14_39,19.254512
39_165_86_50_39,19.253424
39_130_130_19_39,19.251578
39_159_86_159_39,19.244527
39_71_86_47_39,19.24091
39_130_130_71_39,19.240038
39_98_86_28_39,19.239656
39_100_92_28_39,19.237373
39_50_86_54_39,19.237318
39_156_86_80_39,19.23686
39_130_70_130_39,19.236466
39_28_86_28_46,19.235998
39_132_127_130_39,19.233842
39_25_86_25_39,19.23359
39_126_6,19.229566
39_50_108_28_39,19.228597
39_30_86_30_39,19.228326
39_130_127_125_39,19.220609
39_125_130_130_39,19.217799
39_108_86_3_39,19.214966
39_28_86_134_39,19.213684
39_28_86_28_54,19.211234
39_130_130_133_39,19.209893
39_130_139_130_39,19.205413
39_130_95_130_39,19.202133
39_78_39,19.200065
39_28_86_28_47,19.198555
39_115_130_130_39,19.198147
39_65_86_50_39,19.192493
39_28_86_28_28,19.192432
39_28_86_28_15,19.185944
39_78_130_130_39,19.185868
39_6_130_130_39,19.182283
64_126_39,19.179054
39_126_0,19.178553
39_56_86_56_39,19.17836
39_43_86_49_39,19.175874
39_1_86_50_39,19.173545
39_28_86_28_44,19.171964
39_28_107_153_39,19.170426
39_49_130_130_39,19.164846
39_28_86_28_38,19.162062
39_130_130_167_39,19.161265
39_130_33_130_39,19.158208
39_130_127_133_39,19.154195
39_28_86_28_68,19.151453
39_155_86_99_39,19.147033
39_127_130_127_39,19.14413
39_154_86_49_39,19.143449
39_161_86_161_39,19.137969
39_100_108_28_39,19.137512
39_126_65,19.131512
39_3_114_28_39,19.129047
39_133_127_130_39,19.128233
39_132_130_130_39,19.12488
39_28_130_43_39,19.124273
39_125_127_130_39,19.118465
39_50_127_130_39,19.118132
39_28_127_28_39,19.117623
39_57_130_130_39,19.115518
39_28_130_3_39,19.115077
39_126_9,19.114169
39_28_86_28_61,19.113431
39_167_130_130_39,19.113258
39_130_130_152_39,19.112583
39_126_66,19.112341
39_28_86_28_36,19.11208
39_28_86_28_43,19.108585
39_130_130_30_39,19.108408
39_21_130_130_39,19.107991
39_28_130_127_39,19.107772
39_130_127_100_39,19.107763
39_133_130_28_39,19.107172
39_24_130_130_39,19.104151
39_31_86_159_39,19.102221
39_126_25,19.099507
39_130_130_29_39,19.097904
39_130_130_97_39,19.09741
29_126_39,19.096763
39_71_127_130_39,19.094253
39_39_86_47_39,19.0926
39_15_127_15_39,19.09054
39_100_127_130_39,19.086232
39_130_2_130_39,19.084661
39_130_152_130_39,19.078974
39_28_132_130_39,19.076605
49_126_39,19.074011
39_135_86_50_39,19.071341
39_126_33,19.069564
39_50_86_83_39,19.069079
39_130_130_78_39,19.067766
39_28_130_125_39,19.063054
39_47_86_105_39,19.062277
39_130_57_3_39,19.059194
39_46_86_46_39,19.058397
39_130_130_22_39,19.057472
39_28_86_28_17,19.056802
39_127_159_130_39,19.050608
39_50_86_107_39,19.048396
39_130_129_28_39,19.046246
39_15_86_107_39,19.046079
39_126_27,19.045805
39_130_127_6_39,19.043622
39_153_86_23_39,19.038817
27_126_39,19.038296
39_158_130_130_39,19.037116
39_49_127_130_39,19.034561
39_28_127_43_39,19.033296
39_130_127_153_39,19.030699
39_130_130_21_39,19.026283
39_39_130_130_39,19.025905
39_126_64,19.025765
39_130_130_159_39,19.021585
39_126_60,19.020468
39_99_86_108_39,19.019724
39_64_86_56_39,19.018962
39_126_63,19.018305
39_28_130_6_39,19.017734
39_61_130_130_39,19.015844
39_3_130_3_39,19.014274
39_130_130_40_39,19.014131
39_130_130_115_39,19.01349
39_28_86_28_10,19.009821
39_117_130_28_39,19.008148
39_130_130_132_39,19.005568
39_6_127_130_39,19.004621
39_130_130_122_39,19.003437
39_130_102_130_39,19.00062
39_127_130_3_39,18.998771
39_6_130_28_39,18.99823
39_28_86_28_20,18.990085
39_130_130_25_39,18.989921
39_3_86_18_39,18.986258
39_78_127_130_39,18.985405
39_28_86_28_34,18.981441
39_130_130_39_39,18.980601
39_130_130_82_39,18.979375
39_110_86_71_39,18.977178
39_60_130_130_39,18.971811
39_14_86_23_39,18.969806
39_130_130_67_39,18.968563
39_130_127_113_39,18.965504
39_130_130_120_39,18.964845
39_130_127_132_39,18.963573
39_113_130_130_39,18.963485
39_100_86_84_39,18.962721
39_130_130_161_39,18.959031
39_15_86_15_65,18.956787
39_28_129_28_39,18.947182
39_130_27_130_39,18.945085
39_28_86_28_14,18.944997
39_130_130_102_39,18.944413
39_20_130_130_39,18.941564
39_28_86_28_35,18.941427
39_130_22_28_39,18.940888
39_130_130_46_39,18.940287
39_99_86_104_39,18.940087
39_143_127_130_39,18.938811
39_28_130_167_39,18.938321
39_28_86_70_63,18.938073
39_126_4,18.935747
39_24_127_130_39,18.9353
39_130_130_73_39,18.934905
39_130_40_3_39,18.933231
39_130_119_130_39,18.930419
39_130_130_24_39,18.929726
39_126_56,18.92626
39_130_116_130_39,18.926203
39_130_130_158_39,18.925073
39_127_39,18.923983
39_127_130_126_39,18.923123
39_130_130_143_39,18.922952
39_44_86_99_39,18.920393
60_126_39,18.920142
39_100_130_28_39,18.903869
39_90_86_76_39,18.903259
39_130_130_164_39,18.901594
39_130_97_130_39,18.900784
39_28_86_28_67,18.900078
39_28_86_28_48,18.89897
39_38_130_130_39,18.897315
39_3_106_28_39,18.895185
39_126_15,18.894172
39_164_130_130_39,18.894081
39_28_86_28_24,18.892194
39_130_127_167_39,18.890975
39_116_130_130_39,18.890035
39_126_46,18.889295
39_97_130_130_39,18.887504
39_28_117_130_39,18.886358
39_132_130_28_39,18.885272
39_126_28,18.88506
39_130_132_28_39,18.884352
39_130_127_78_39,18.884131
39_109_130_130_39,18.882133
39_130_33_28_39,18.878879
39_130_130_62_39,18.87613
39_50_86_146_39,18.874382
39_130_130_86_39,18.872833
39_28_86_28_50,18.870689
39_68_130_130_39,18.870544
39_130_127_16_39,18.863898
39_137_130_130_39,18.862686
39_130_127_115_39,18.862324
39_28_86_28_2,18.860802
39_49_86_18_39,18.859325
39_130_78_28_39,18.858663
39_62_130_130_39,18.857907
39_28_130_159_39,18.853979
39_130_166_28_39,18.853242
39_130_130_17_39,18.849251
39_126_54,18.845999
39_153_114_28_39,18.845488
39_130_5_130_39,18.844573
39_28_71_130_39,18.844197
39_133_130_133_39,18.843891
39_83_62,18.840562
39_28_86_28_3,18.840168
39_28_86_28_7,18.833601
39_130_130_130_65,18.833067
39_120_130_130_39,18.831779
39_106_130_130_39,18.831413
39_41_130_130_39,18.831225
39_28_33_130_39,18.831125
39_53_130_28_39,18.830156
39_3_127_3_39,18.823722
39_126_26,18.823226
39_83_65,18.82053
39_47_86_47_39,18.820363
39_15_86_15_64,18.818778
39_130_127_109_39,18.818249
39_153_86_18_39,18.816666
39_28_31_29_39,18.813114
39_17_130_130_39,18.812817
39_28_130_120_39,18.810162
39_130_127_116_39,18.810141
39_12_130_130_39,18.809516
47_126_39,18.808014
39_80_130_130_39,18.805284
39_43_127_130_39,18.80452
39_159_130_28_39,18.804191
39_111_86_111_39,18.803287
39_168_130_28_39,18.799797
10_126_39,18.799134
39_28_127_120_39,18.796524
39_130_62_130_39,18.795978
39_126_29,18.792625
39_28_86_20_6,18.79227
39_126_32,18.792224
39_130_141_3_39,18.791409
39_126_47,18.790674
39_136_130_130_39,18.788344
39_130_62,18.787469
39_76_86_58_39,18.786285
39_28_86_28_8,18.783989
39_130_30_28_39,18.783785
39_98_86_50_39,18.782112
39_79_130_130_39,18.781276
39_130_130_138_39,18.780998
39_130_129_153_39,18.780906
39_130_130_77_39,18.778274
39_130_129_6_39,18.777944
39_15_86_15_60,18.777578
39_28_130_38_39,18.774464
39_28_86_28_52,18.769065
39_86_0,18.767961
39_158_130_28_39,18.767091
39_127_78_130_39,18.765969
39_29_130_3_39,18.765735
39_126_10,18.764376
39_130_130_76_39,18.763412
39_130_130_144_39,18.762274
39_3_162_130_39,18.760954
39_28_39_130_39,18.756181
39_108_39,18.755653
39_130_130_79_39,18.755534
39_26_86_148_39,18.75531
39_15_86_15_46,18.752185
39_28_86_28_23,18.750278
39_28_106_153_39,18.749046
39_67_127_130_39,18.748811
39_133_78_130_39,18.745639
39_130_75_130_39,18.743453
39_28_86_0_28,18.74334
39_112_39,18.741617
39_28_86_143_65,18.739569
39_126_43,18.735021
39_50_86_50_62,18.733539
39_163_127_130_39,18.733118
39_130_50_3_39,18.732835
39_167_130_28_39,18.731812
39_83_64,18.730967
39_28_86_161_25,18.727176
39_37_39,18.726188
39_126_41,18.725922
39_9_130_28_39,18.725464
39_43_130_130_39,18.72502
39_78_127_28_39,18.720687
39_130_127_76_39,18.718798
39_28_130_21_39,18.717605
39_130_130_130_9,18.717111
55_83_39,18.716502
39_126_45,18.714637
39_130_25_28_39,18.713247
39_28_127_97_39,18.71111
39_126_17,18.709947
39_130_126_50_39,18.709245
39_28_95_28_39,18.705515
39_26_86_125_39,18.704451
39_3_130_148_39,18.70196
65_130_130_130_39,18.698296
39_6_57_130_39,18.697072
39_134_39,18.695887
39_130_130_103_39,18.69557
39_83_6,18.695254
39_126_38,18.694547
39_18_86_153_39,18.688976
39_130_130_130_33,18.688431
39_153_86_134_39,18.683086
39_28_86_28_40,18.682457
39_15_86_15_4,18.681358
36_126_39,18.679807
39_126_36,18.679759
39_66_130_130_39,18.678935
39_28_130_143_39,18.678465
39_126_44,18.676509
34_126_39,18.675823
39_159_130_3_39,18.671193
39_126_34,18.669882
39_145_130_130_39,18.669349
39_28_86_28_57,18.667985
39_126_58,18.666109
39_15_86_15_15,18.661129
60_83_39,18.661079
39_130_33_43_39,18.660865
39_92_127_130_39,18.657443
39_130_7_3_39,18.656892
39_165_130_28_39,18.655063
39_28_86_28_22,18.654454
39_135_0,18.653729
39_28_130_102_39,18.653693
39_83_63,18.653516
39_34_65,18.652128
39_130_130_130_25,18.651315
39_15_86_15_1,18.651136
39_132_130_133_39,18.649956
39_28_86_78_13,18.645267
39_83_27,18.645245
39_50_86_50_9,18.642794
39_100_65,18.640794
39_71_86_130_14,18.640085
39_28_7_28_39,18.639441
39_28_130_158_39,18.638917
39_3_86_3_1,18.637618
39_133_130_167_39,18.637103
39_50_130_50_39,18.6358
39_54_130_130_39,18.631688
39_99_130_3_39,18.630624
39_130_64,18.629697
39_28_130_62_39,18.629087
39_86_127_130_39,18.628473
39_34_6,18.625855
39_130_149_130_39,18.625507
39_50_86_50_66,18.624125
9_50_86_50_39,18.622402
9_83_39,18.619866
39_130_130_130_32,18.619773
39_50_86_50_64,18.618081
39_83_60,18.617177
39_15_86_15_32,18.616477
39_120_130_28_39,18.613289
39_130_130_2_39,18.613145
39_28_130_132_39,18.610613
39_83_0,18.609155
1_130_130_130_39,18.607584
39_135_65,18.606898
39_28_86_25_9,18.604921
39_130_33_133_39,18.603653
39_83_9,18.602879
39_130_130_130_44,18.602257
39_130_55,18.602045
39_130_160_43_39,18.601692
39_87_130_130_39,18.60164
39_127_127_127_39,18.601241
39_29_86_29_9,18.599785
39_130_65,18.599376
39_112_130_130_39,18.59876
39_130_130_130_1,18.597946
39_100_86_100_65,18.597841
39_28_86_126_11,18.595761
39_130_108_130_39,18.59425
49_34_39,18.59105
39_130_10_28_39,18.590312
39_83_66,18.588328
39_80_130_28_39,18.587575
39_21_39,18.587224
39_28_86_75_63,18.578777
56_130_130_130_39,18.576371
39_83_29,18.575696
39_10_130_3_39,18.574678
39_115_65,18.574221
39_146_86_16_39,18.572675
39_28_127_20_39,18.57053
39_100_0,18.570223
63_133_39,18.568761
39_130_130_130_56,18.5687
39_28_86_100_53,18.567337
39_130_7_133_39,18.566767
39_153_86_153_6,18.565892
39_126_67,18.559435
39_28_86_28_16,18.559343
65_28_130_28_39,18.556861
0_135_39,18.55528
39_126_23,18.554197
39_125_39,18.550033
39_28_130_28_65,18.548048
39_130_88_28_39,18.547244
39_130_130_130_20,18.546717
39_130_130_130_60,18.546317
39_83_33,18.545678
39_50_86_19_0,18.545514
39_130_130_130_64,18.544969
39_135_6,18.542554
39_126_35,18.542416
39_135_25,18.542132
39_130_23_130_39,18.542007
39_135_64,18.541483
39_133_33,18.541302
25_115_39,18.538059
39_15_86_123_6,18.537558
39_126_37,18.536777
39_6_130_6_39,18.529568
39_130_59_28_39,18.529267
39_34_60,18.52809
30_83_39,18.527051
39_133_16_130_39,18.526227
39_28_17_130_39,18.525814
39_115_64,18.525699
39_130_124_28_39,18.520343
39_130_130_90_39,18.519997
39_130_103_28_39,18.51726
39_50_6_130_39,18.516739
39_130_13_3_39,18.516168
39_130_130_130_12,18.515849
39_130_130_58_39,18.513905
39_1_130_130_39,18.512434
39_100_130_6_39,18.511604
39_83_56,18.511348
39_28_86_163_30,18.509611
39_126_68,18.508216
63_135_39,18.50812
39_125_152_130_39,18.506095
39_28_127_34_39,18.505174
62_104_39,18.505135
39_43_130_28_39,18.504226
39_133_0,18.503077
39_130_130_64_39,18.498887
39_50_86_50_60,18.497374
39_28_86_168_12,18.497156
39_42_130_28_39,18.496965
39_153_86_153_63,18.496852
39_130_33,18.496506
39_3_113_130_39,18.496008
39_130_130_130_48,18.494605
39_126_2,18.492187
39_126_59,18.490953
39_133_9,18.488413
39_83_4,18.486644
39_135_55,18.485488
39_34_30,18.485171
39_135_9,18.48491
39_92_39,18.483326
39_34_54,18.482752
39_100_130_100_39,18.482717
39_1_127_130_39,18.481439
39_28_86_22_54,18.480877
39_130_130_130_26,18.480627
39_130_130_87_39,18.480595
39_50_86_50_29,18.480261
39_133_130_60_39,18.4797
39_143_130_3_39,18.479212
39_34_0,18.478901
39_130_25,18.47371
39_153_86_153_55,18.472032
39_43_130_43_39,18.471946
12_83_39,18.468626
39_100_86_100_60,18.468203
39_28_86_22_66,18.466868
39_153_120_28_39,18.466339
39_57_130_125_39,18.465434
39_125_130_125_39,18.465279
39_83_28,18.465082
39_130_65_130_39,18.463366
39_28_86_65_25,18.462762
39_130_130_130_21,18.461885
39_130_63,18.459603
39_130_6,18.459574
39_135_33,18.457356
39_100_64,18.457056
39_130_49,18.455191
39_3_127_57_39,18.455142
39_50_86_114_55,18.454646
39_34_29,18.454372
39_28_86_152_28,18.453557
39_28_130_80_39,18.452242
39_130_60,18.451285
39_15_86_15_17,18.449971
39_34_49,18.449635
39_126_31,18.449159
39_130_56,18.447421
39_115_25,18.447233
39_28_86_79_30,18.445751
39_130_108_43_39,18.44359
39_106_39,18.442514
39_130_130_130_43,18.44189
39_28_76_28_39,18.441465
39_28_161_28_39,18.43666
39_132_143_130_39,18.435235
39_28_130_28_32,18.432061
39_135_66,18.43156
39_3_130_62_39,18.429378
39_130_130_130_4,18.429366
39_133_6,18.428743
39_94_130_28_39,18.428201
65_100_39,18.42369
39_130_127_130_55,18.422393
39_1_86_1_39,18.422051
39_130_130_84_39,18.421605
39_130_30_133_39,18.420752
39_130_130_130_61,18.420063
39_130_69_28_39,18.418718
39_103_39,18.416613
39_130_130_130_11,18.414306
39_130_130_130_53,18.412834
39_28_130_111_39,18.412422
39_3_127_99_39,18.411044
39_28_86_115_52,18.41032
39_130_127_162_39,18.408802
39_130_68_28_39,18.408718
39_28_127_103_39,18.408076
39_15_86_166_63,18.406957
39_24_130_6_39,18.406625
27_34_39,18.405415
39_130_66,18.40487
39_24_65,18.404073
39_82_130_100_39,18.400329
39_34_28,18.399711
39_24_6,18.399319
39_126_3,18.39774
39_100_55,18.397303
39_15_86_48_63,18.396571
39_28_130_28_9,18.395588
39_130_55_127_39,18.3952
39_126_42,18.393766
39_34_56,18.393752
39_100_66,18.393718
39_130_130_130_52,18.39364
39_3_130_163_39,18.3935
39_130_1,18.393107
39_130_130_130_59,18.391976
39_126_14,18.391244
39_130_130_130_17,18.390776
39_100_25,18.389821
39_153_103_50_39,18.389186
39_153_86_153_60,18.388412
39_58_127_130_39,18.388063
39_34_12,18.387373
39_43_147_130_39,18.386626
39_126_50,18.386601
39_130_129_137_39,18.385815
39_118_65,18.385113
39_28_130_149_39,18.384346
39_15_86_3_17,18.381707
39_3_127_109_39,18.380118
39_130_158_3_39,18.379481
39_100_6,18.378722
39_130_30,18.37822
39_49_86_49_9,18.378071
30_135_39,18.375413
39_100_61,18.373304
39_28_165_28_39,18.372984
39_28_130_36_39,18.372058
39_126_24,18.370433
39_15_86_24_64,18.370046
39_100_54,18.369824
39_28_86_116_47,18.367678
39_130_102_50_39,18.366036
39_50_86_117_33,18.363394
39_28_86_31_66,18.363373
39_167_130_167_39,18.362272
39_113_86_113_6,18.361489
50_126_39,18.361401
39_28_130_28_66,18.358988
46_130_39,18.358846
39_132_95_130_39,18.357154
39_28_86_91_26,18.357064
39_50_86_50_47,18.35609
39_100_86_100_46,18.356088
39_3_5_130_39,18.35414
39_28_130_28_1,18.353075
39_28_130_28_21,18.352977
39_118_0,18.352359
60_100_39,18.351054
39_135_1,18.350221
39_28_130_28_49,18.349662
39_28_130_28_12,18.34966
39_28_130_28_60,18.349247
39_28_127_93_39,18.348455
39_28_86_71_16,18.348412
39_130_61_3_39,18.346439
39_50_86_50_12,18.34642
9_71_86_71_39,18.346017
1_130_39,18.345122
39_135_54,18.344816
39_130_127_130_6,18.342805
39_28_130_157_39,18.341195
39_130_130_130_35,18.341149
39_130_54_28_39,18.340026
39_130_28,18.339995
39_28_86_71_8,18.33979
39_28_130_28_28,18.33762
39_130_130_130_13,18.335671
39_49_86_49_66,18.334349
32_34_39,18.33411
39_130_130_130_37,18.333501
39_133_55,18.331239
12_115_39,18.330487
39_130_165_3_39,18.330174
39_28_86_21_18,18.329582
1_28_130_28_39,18.329348
39_84_130_130_39,18.327826
39_135_61,18.326059
39_125_63_130_39,18.325637
39_130_127_130_9,18.325381
39_104_65,18.324678
39_34_46,18.324647
39_126_52,18.324644
39_83_11,18.323182
39_115_54,18.318794
39_132_65,18.316433
39_130_130_130_58,18.315001
63_100_39,18.311972
39_28_127_17_39,18.310999
49_133_39,18.309431
39_28_86_155_30,18.30902
39_28_113_28_39,18.307868
39_104_63,18.307591
39_24_64,18.304048
39_130_12,18.301986
39_130_130_130_34,18.301974
9_49_86_49_39,18.299832
39_100_9,18.299346
39_135_4,18.298751
39_130_130_130_45,18.298143
39_50_86_50_61,18.298062
39_130_78_132_39,18.297161
39_135_28,18.296741
39_104_0,18.296694
39_132_66,18.296062
39_56_86_99_62,18.295331
39_104_86_104_39,18.294747
39_100_130_25_39,18.294475
7_126_39,18.29443
39_14_127_3_39,18.294424
39_100_49,18.293318
39_132_0,18.29245
47_50_86_50_39,18.292027
39_130_44,18.291944
39_24_0,18.289903
39_115_6,18.287723
39_130_46,18.286056
39_115_55,18.285562
39_41_130_3_39,18.285129
12_28_130_28_39,18.284965
39_118_6,18.284918
39_21_127_3_39,18.283178
39_133_127_133_39,18.281757
39_28_86_116_43,18.281023
39_130_33_78_39,18.280487
39_34_44,18.279786
39_83_26,18.278395
39_113_65,18.277765
39_100_56,18.277426
39_130_130_130_18,18.277048
39_28_130_28_38,18.276761
39_135_47,18.276667
31_126_39,18.276443
39_167_130_132_39,18.276398
39_130_54,18.274334
39_100_33,18.2728
39_15_86_15_2,18.270484
32_130_39,18.269731
39_130_41_6_39,18.268311
39_34_36,18.266012
39_126_7,18.264685
39_130_127_130_27,18.264546
39_100_60,18.264136
39_28_86_16_68,18.263682
39_104_9,18.262783
54_130_39,18.262492
39_130_130_130_67,18.261583
39_78_130_78_39,18.261512
39_162_130_133_39,18.260965
39_104_66,18.260647
39_15_86_160_12,18.259237
39_14_130_78_39,18.258068
39_0_130_132_39,18.257483
65_113_39,18.255346
39_120_130_29_39,18.254411
39_59_127_3_39,18.254397
27_100_39,18.253739
39_104_33,18.253079
39_34_26,18.252865
39_167_130_77_39,18.252004
39_104_27,18.250364
39_100_27,18.250027
39_126_18,18.249461
39_83_36,18.249251
39_50_86_47_65,18.248915
39_130_47,18.24878
39_133_162_130_39,18.248603
39_113_62,18.248538
39_15_86_15_42,18.246894
39_130_4,18.244861
39_28_130_44_39,18.244565
39_156_86_6_9,18.242557
39_132_130_132_39,18.241843
39_130_32,18.241578
39_3_86_71_47,18.241452
52_126_39,18.239285
39_119_130_125_39,18.23841
39_133_91_130_39,18.238043
39_126_51,18.236798
39_130_108_3_39,18.236786
39_28_86_10_58,18.235382
39_109_130_125_39,18.235165
39_24_15,18.234792
39_135_11,18.234605
39_125_130_159_39,18.234547
15_83_39,18.232004
39_28_130_150_39,18.231887
39_126_53,18.231417
39_130_27,18.230118
39_159_127_3_39,18.229496
39_78_43_130_39,18.228359
39_80_127_3_39,18.228089
39_154_130_133_39,18.225244
