,eV,nm,intensity
0,0.5,2479.68386,0.005739453614424326
1,0.51,2431.0626078431374,0.00578369952928989
2,0.52,2384.311403846154,0.0058284966902721995
3,0.53,2339.324396226415,0.005873854861022333
4,0.54,2296.003574074074,0.005919784033105452
5,0.55,2254.2580545454543,0.005966294432664785
6,0.56,2214.0034464285714,0.006013396527320989
7,0.5700000000000001,2175.161280701754,0.006061101033316696
8,0.58,2137.6585,0.006109418922916355
9,0.59,2101.427,0.006158361432072247
10,0.6,2066.403216666667,0.006207940068367819
11,0.61,2032.5277540983607,0.006258166619250217
12,0.62,1999.7450483870969,0.006309053160564319
13,0.63,1968.0030634920636,0.006360612065401356
14,0.64,1937.253015625,0.00641285601327566
15,0.65,1907.4491230769231,0.0064657979996439055
16,0.66,1878.5483787878788,0.006519451345781912
17,0.67,1850.510343283582,0.00657382970903468
18,0.6799999999999999,1823.2969558823531,0.006628947093456456
19,0.69,1796.8723623188407,0.006684817860858068
20,0.7,1771.2027571428573,0.00674145674228003
21,0.71,1746.2562394366198,0.006798878849910673
22,0.72,1722.0026805555558,0.0068570996894695814
23,0.73,1698.4136027397262,0.006916135173077786
24,0.74,1675.4620675675676,0.00697600163263713
25,0.75,1653.1225733333333,0.00703671583374262
26,0.76,1631.370960526316,0.007098294990152666
27,0.77,1610.1843246753247,0.007160756778843606
28,0.78,1589.540935897436,0.007224119355676207
29,0.79,1569.420164556962,0.00728840137170353
30,0.8,1549.8024125,0.0073536219901509485
31,0.81,1530.669049382716,0.007419800904101032
32,0.8200000000000001,1512.0023536585365,0.007486958354917664
33,0.8300000000000001,1493.7854578313252,0.007555115151445832
34,0.8400000000000001,1476.0022976190476,0.007624292690025504
35,0.8500000000000001,1458.6375647058824,0.007694512975360218
36,0.86,1441.6766627906977,0.0077657986422834035
37,0.87,1425.1056666666668,0.00783817297846787
38,0.88,1408.9112840909092,0.007911659948126589
39,0.89,1393.0808202247192,0.007986284216755771
40,0.9,1377.6021444444445,0.00806207117697409
41,0.91,1362.4636593406594,0.008139046975515452
42,0.9199999999999999,1347.6542717391305,0.008217238541435665
43,0.9299999999999999,1333.163365591398,0.008296673615597609
44,0.94,1318.9807765957448,0.008377380781502904
45,0.95,1305.0967684210527,0.008459389497542652
46,0.96,1291.5020104166667,0.008542730130744072
47,0.97,1278.187556701031,0.008627433992094863
48,0.98,1265.1448265306124,0.008713533373532074
49,0.99,1252.365585858586,0.008801061586687874
50,1.0,1239.84193,0.008890053003490586
51,1.01,1227.5662673267327,0.0089805430987256
52,1.02,1215.5313039215687,0.00907256849466748
53,1.03,1203.7300291262136,0.00916616700790222
54,1.04,1192.155701923077,0.009261377698466036
55,1.05,1180.801838095238,0.009358240921435862
56,1.06,1169.6621981132075,0.009456798381115478
57,1.07,1158.7307757009346,0.009557093187971325
58,1.08,1148.001787037037,0.00965916991848215
59,1.0899999999999999,1137.469660550459,0.009763074678078312
60,1.1,1127.1290272727272,0.0098688551673586
61,1.1099999999999999,1116.974711711712,0.009976560751785529
62,1.12,1107.0017232142857,0.010086242535074588
63,1.13,1097.2052477876107,0.010197953436507728
64,1.1400000000000001,1087.580640350877,0.010311748272418785
65,1.15,1078.1234173913044,0.010427683842115395
66,1.1600000000000001,1068.82925,0.010545819018522633
67,1.17,1059.6939572649574,0.010666214843853387
68,1.1800000000000002,1050.7134999999998,0.010788934630634362
69,1.19,1041.883974789916,0.010914044068440477
70,1.2000000000000002,1033.2016083333333,0.01104161133671793
71,1.21,1024.6627520661157,0.011171707224104736
72,1.22,1016.2638770491803,0.01130440525468974
73,1.23,1008.0015691056911,0.011439781821685133
74,1.24,999.8725241935484,0.011577916329025367
75,1.25,991.873544,0.011718891341445851
76,1.26,984.0015317460318,0.0118627927436396
77,1.27,976.2534881889763,0.01200970990913853
78,1.28,968.6265078125,0.012159735879619084
79,1.29,961.1177751937985,0.012312967555389954
80,1.3,953.7245615384616,0.012469505897883051
81,1.31,946.4442213740458,0.0126294561450383
82,1.32,939.2741893939394,0.012792928040549049
83,1.33,932.211977443609,0.012960036078018159
84,1.3399999999999999,925.2551716417912,0.013130899761166569
85,1.35,918.4014296296297,0.013305643881336897
86,1.3599999999999999,911.6484779411766,0.013484398813645023
87,1.37,904.9941094890511,0.013667300833254938
88,1.38,898.4361811594204,0.013854492453385913
89,1.3900000000000001,891.9726115107914,0.01404612278680987
90,1.4,885.6013785714287,0.014242347932759533
91,1.4100000000000001,879.3205177304964,0.014443331391349777
92,1.42,873.1281197183099,0.014649244507813724
93,1.4300000000000002,867.0223286713286,0.014860266949077484
94,1.44,861.0013402777779,0.015076587215442682
95,1.4500000000000002,855.0633999999999,0.015298403190419287
96,1.46,849.2068013698631,0.015525922732053913
97,1.47,843.4298843537415,0.015759364309436984
98,1.48,837.7310337837838,0.015998957688447363
99,1.49,832.108677852349,0.016244944671213225
100,1.5,826.5612866666667,0.016497579894235687
101,1.51,821.0873708609272,0.01675713169064616
102,1.52,815.685480263158,0.017023883022654566
103,1.53,810.3542026143791,0.017298132490903444
104,1.54,805.0921623376623,0.01758019542818155
105,1.55,799.8980193548388,0.017870405085780673
106,1.56,794.770467948718,0.01816911392171437
107,1.57,789.7082356687898,0.018476695001071474
108,1.58,784.710082278481,0.018793543519967777
109,1.59,779.7747987421384,0.019120078465905386
110,1.6,774.90120625,0.01945674442887473
111,1.61,770.0881552795031,0.01980401357926388
112,1.62,765.334524691358,0.02016238783060696
113,1.6300000000000001,760.6392208588957,0.020532401207440747
114,1.6400000000000001,756.0011768292683,0.02091462244109151
115,1.6500000000000001,751.4193515151514,0.02130965781912848
116,1.66,746.8927289156627,0.02171815431755662
117,1.67,742.4203173652695,0.022140803048645047
118,1.68,738.0011488095239,0.022578343061679548
119,1.69,733.6342781065089,0.023031565538981433
120,1.7,729.3187823529412,0.0235013184353628
121,1.71,725.0537602339182,0.02398851161592056
122,1.72,720.8383313953489,0.024494122554866382
123,1.73,716.6716358381503,0.025019202667133613
124,1.74,712.5528333333334,0.025564884355016467
125,1.75,708.4811028571429,0.026132388864351656
126,1.76,704.4556420454546,0.026723035059063757
127,1.77,700.4756666666667,0.027338249239652022
128,1.78,696.5404101123596,0.027979576150860882
129,1.79,692.649122905028,0.028648691346909186
130,1.8,688.8010722222223,0.029347415109939254
131,1.81,684.9955414364641,0.030077728149610173
132,1.82,681.2318296703297,0.030841789350012774
133,1.83,677.5092513661202,0.03164195587556137
134,1.84,673.8271358695653,0.032480806001731956
135,1.85,670.184827027027,0.033361165101335244
136,1.86,666.581682795699,0.03428613529472891
137,1.87,663.0170748663102,0.035259129365835314
138,1.8800000000000001,659.4903882978723,0.03628390965856381
139,1.8900000000000001,656.0010211640212,0.037364632804636894
140,1.9000000000000001,652.5483842105263,0.038505901299364535
141,1.91,649.1319005235603,0.039712823143472076
142,1.92,645.7510052083334,0.04099108101527339
143,1.93,642.4051450777202,0.04234701273913896
144,1.94,639.0937783505155,0.043787705187022886
145,1.95,635.8163743589744,0.04532110420706656
146,1.96,632.5724132653062,0.046956143738906456
147,1.97,629.3613857868021,0.04870289797703294
148,1.98,626.182792929293,0.05057276131660942
149,1.99,623.0361457286432,0.052578661905209934
150,2.0,619.920965,0.054735315985468484
151,2.01,616.8367810945274,0.05705953191884783
152,2.02,613.7831336633664,0.059570574918758334
153,2.0300000000000002,610.7595714285713,0.06229060620241155
154,2.04,607.7656519607843,0.06524521362927102
155,2.05,604.8009414634147,0.06846405508826137
156,2.06,601.8650145631068,0.07198164110416885
157,2.0700000000000003,598.9574541062801,0.07583828953789798
158,2.08,596.0778509615385,0.08008129300337022
159,2.09,593.2258038277513,0.08476634874894103
160,2.1,590.400919047619,0.08995931100980396
161,2.1100000000000003,587.6028104265403,0.09573833639811619
162,2.12,584.8310990566038,0.10219650175304147
163,2.13,582.08541314554,0.10944497676283066
164,2.14,579.3653878504673,0.11761682213212206
165,2.1500000000000004,576.670665116279,0.1268714420036825
166,2.16,574.0008935185185,0.13739961719587498
167,2.17,571.3557281105991,0.14942883121049
168,2.1799999999999997,568.7348302752295,0.1632281852402791
169,2.19,566.1378675799087,0.17911144162952938
170,2.2,563.5645136363636,0.19743544311669492
171,2.21,561.014447963801,0.21858913032309965
172,2.2199999999999998,558.487355855856,0.24296563308366745
173,2.23,555.982928251121,0.2709072322934598
174,2.24,553.5008616071428,0.3026130727933895
175,2.25,551.0408577777778,0.3380081855430482
176,2.26,548.6026238938053,0.3765971099468432
177,2.27,546.185872246696,0.4173643822893231
178,2.2800000000000002,543.7903201754385,0.4588038124198444
179,2.29,541.4156899563319,0.4990916035577447
180,2.3,539.0617086956522,0.5362539187950154
181,2.31,536.7281082251083,0.5681010976560326
182,2.3200000000000003,534.414625,0.5919659262899645
183,2.33,532.121,0.6047520535274403
184,2.34,529.8469786324787,0.6038187336189805
185,2.35,527.5923106382978,0.5884288701235499
186,2.3600000000000003,525.3567499999999,0.5606216937885969
187,2.37,523.1400548523206,0.5246612749817143
188,2.38,520.941987394958,0.48548414361072906
189,2.39,518.7623138075314,0.44727621465630435
190,2.4000000000000004,516.6008041666666,0.4128422433206747
191,2.41,514.4572323651453,0.3836741003013175
192,2.42,512.3313760330578,0.36032641052610476
193,2.4299999999999997,510.22301646090546,0.34280363835218997
194,2.44,508.13193852459017,0.33083780143378216
195,2.45,506.0579306122449,0.32404265263427906
196,2.46,504.0007845528456,0.3219671271303229
197,2.4699999999999998,501.96029554655877,0.3240751437149385
198,2.48,499.9362620967742,0.32967893296547435
199,2.49,497.92848594377506,0.3378629888906407
200,2.5,495.936772,0.3474537635297705
201,2.5100000000000002,493.96092828685255,0.3570927204096074
202,2.52,492.0007658730159,0.36542334591807857
203,2.5300000000000002,490.05609881422924,0.37131737030697765
204,2.54,488.1267440944882,0.37403476331283364
205,2.55,486.2125215686275,0.37329664014471825
206,2.56,484.31325390625,0.36933236529386027
207,2.57,482.42876653696504,0.3629029858632218
208,2.58,480.55888759689924,0.35520953635766644
209,2.59,478.7034478764479,0.3476531790445721
210,2.6,476.8622807692308,0.34155629068999716
211,2.61,475.0352222222223,0.3379838846243428
212,2.62,473.2221106870229,0.33771132501369316
213,2.63,471.4227870722434,0.3412947582142628
214,2.64,469.6370946969697,0.3491800801525976
215,2.65,467.8648792452831,0.3618091938034421
216,2.66,466.1059887218045,0.37970944592150613
217,2.67,464.3602734082397,0.4035675540460051
218,2.68,462.6275858208955,0.434293644412462
219,2.69,460.907780669145,0.473078144439528
220,2.7,459.20071481481483,0.5214354796451831
221,2.71,457.50624723247233,0.5812110192145474
222,2.72,455.8242389705882,0.65449441623036
223,2.73,454.1545531135531,0.7433236634895717
224,2.74,452.49705474452554,0.8489787167021391
225,2.75,450.85161090909094,0.9706008447781843
226,2.7600000000000002,449.2180905797101,1.1030322333455784
227,2.77,447.59636462093863,1.2345713486436847
228,2.7800000000000002,445.9863057553957,1.3469797988853838
229,2.79,444.38778853046597,1.4209093928941328
230,2.8000000000000003,442.80068928571427,1.4461111943087772
231,2.81,441.2248861209965,1.4284627774231562
232,2.82,439.6602588652483,1.3862942495023316
233,2.83,438.1066890459364,1.3395470452460712
234,2.84,436.56405985915495,1.301065257298368
235,2.85,435.03225614035085,1.2738236364003153
236,2.86,433.5111643356644,1.252381997604045
237,2.87,432.0006724738676,1.226668871759662
238,2.88,430.50067013888895,1.1872333203745318
239,2.89,429.0110484429066,1.130148634220998
240,2.9,427.53170000000006,1.0586736203955267
241,2.91,426.06251890034366,0.980787562840541
242,2.92,424.60340068493156,0.9050988951338915
243,2.93,423.1542423208191,0.8380907279838332
244,2.94,421.71494217687075,0.7834883471152116
245,2.95,420.2854,0.7428888827445702
246,2.96,418.8655168918919,0.7166768714767884
247,2.97,417.45519528619525,0.7047483551504974
248,2.98,416.0543389261745,0.7069485743583088
249,2.99,414.66285284280934,0.7232760242272058
250,3.0,413.28064333333333,0.7539269147756262
251,3.0100000000000002,411.9076179401993,0.799245244398294
252,3.02,410.5436854304636,0.8596482832901704
253,3.0300000000000002,409.18875577557753,0.9356058211874977
254,3.04,407.842740131579,1.0276805405363865
255,3.0500000000000003,406.5055508196721,1.1363456822636886
256,3.06,405.17710130718956,1.2607864002900757
257,3.07,403.8573061889251,1.3956786945223378
258,3.08,402.54608116883117,1.5262007903790746
259,3.09,401.2433430420712,1.6252787978462644
260,3.1,399.9490096774194,1.6607393436311113
261,3.11,398.663,1.6140462887951161
262,3.12,397.385233974359,1.494886362080129
263,3.13,396.11563258785947,1.3343886262516262
264,3.14,394.8541178343949,1.1652968802817996
265,3.15,393.6006126984127,1.009101657055042
266,3.16,392.3550411392405,0.8751086188091534
267,3.17,391.1173280757098,0.7648094987763119
268,3.18,389.8873993710692,0.6760720588857737
269,3.19,388.66518181818185,0.6056491790346351
270,3.2,387.450603125,0.5503463724049102
271,3.21,386.24359190031157,0.5074455693074604
272,3.22,385.04407763975155,0.47478841574695224
273,3.23,383.8519907120743,0.4507275019281984
274,3.24,382.667262345679,0.4340378117275285
275,3.25,381.48982461538463,0.4238227501832469
276,3.2600000000000002,380.31961042944783,0.4194226422485121
277,3.27,379.1565535168196,0.420322677966423
278,3.2800000000000002,378.00058841463414,0.4260554126719305
279,3.29,376.8516504559271,0.43609991402605597
280,3.3000000000000003,375.7096757575757,0.4497979446570235
281,3.31,374.5746012084592,0.46633473874466413
282,3.32,373.44636445783135,0.484848400477522
283,3.33,372.32490390390393,0.5046990756562084
284,3.34,371.21015868263476,0.5258269940255903
285,3.35,370.1020686567164,0.5490204068870759
286,3.36,369.00057440476195,0.5759264831534752
287,3.37,367.9056172106825,0.60879950137127
288,3.38,366.81713905325444,0.650136536449167
289,3.39,365.7350825958702,0.702343297309988
290,3.4,364.6593911764706,0.7674322171913425
291,3.41,363.590008797654,0.8466186591948747
292,3.42,362.5268801169591,0.9396318201681582
293,3.43,361.4699504373178,1.0436262462374177
294,3.44,360.41916569767443,1.1518344680346884
295,3.45,359.3744724637681,1.2526177283437097
296,3.46,358.33581791907517,1.3301951799167153
297,3.47,357.30314985590775,1.368337678005217
298,3.48,356.2764166666667,1.3566251967218117
299,3.49,355.25556733524354,1.2957914584814523
300,3.5,354.24055142857145,1.1977122712382626
301,3.5100000000000002,353.2313190883191,1.079692276818519
302,3.52,352.2278210227273,0.9576400539124741
303,3.5300000000000002,351.2300084985836,0.8423612018809448
304,3.54,350.23783333333336,0.7393608605986287
305,3.5500000000000003,349.2512478873239,0.6503442995091122
306,3.56,348.2702050561798,0.5748637070931276
307,3.5700000000000003,347.2946582633053,0.5114998593943074
308,3.58,346.324561452514,0.45854780608214796
309,3.59,345.35986908077996,0.4143562033431572
310,3.6,344.40053611111114,0.3774661935259501
311,3.61,343.4465180055402,0.3466475500712082
312,3.62,342.49777071823206,0.3208876655905742
313,3.63,341.5542506887053,0.2993618560474418
314,3.64,340.61591483516486,0.2813982566260575
315,3.65,339.6827205479452,0.2664429583826034
316,3.66,338.7546256830601,0.25402808689349177
317,3.67,337.83158855585833,0.24374569094142123
318,3.68,336.91356793478263,0.23523219550414298
319,3.69,336.00052303523034,0.22816896035520828
320,3.7,335.0924135135135,0.22229988764142816
321,3.71,334.1891994609165,0.2174560137416984
322,3.72,333.2908413978495,0.21356823104140663
323,3.73,332.3973002680965,0.21065520656100542
324,3.74,331.5085374331551,0.20879195407031656
325,3.75,330.6245146666667,0.2080768689146096
326,3.7600000000000002,329.74519414893615,0.20861085033122057
327,3.77,328.87053846153844,0.21049009482830844
328,3.7800000000000002,328.0005105820106,0.21380621049651652
329,3.79,327.13507387862796,0.21864596615380572
330,3.8000000000000003,326.2741921052631,0.22508474449024876
331,3.81,325.4178293963255,0.23316992933265038
332,3.8200000000000003,324.5659502617801,0.24289322928358711
333,3.83,323.71851958224545,0.2541563572504333
334,3.84,322.8755026041667,0.2667438317971589
335,3.85,322.03686493506495,0.28032568715546324
336,3.86,321.2025725388601,0.29450770775988
337,3.87,320.37259173126614,0.3089136587594976
338,3.88,319.5468891752578,0.32323976111185143
339,3.89,318.7254318766067,0.3372238986989337
340,3.9,317.9081871794872,0.35055192992511447
341,3.91,317.0951227621483,0.3628131411018293
342,3.92,316.2862066326531,0.37360735574896176
343,3.93,315.48140712468194,0.3827773000291723
344,3.94,314.68069289340104,0.3906043380715508
345,3.95,313.8840329113924,0.39781796970090455
346,3.96,313.0913964646465,0.4054343724742015
347,3.97,312.3027531486146,0.4145634773555591
348,3.98,311.5180728643216,0.4262734202570899
349,3.99,310.73732581453635,0.4414787864991058
350,4.0,309.9604825,0.46077779672585106
351,4.01,309.18751371571074,0.4842065063255942
352,4.02,308.4183905472637,0.5109343683530736
353,4.03,307.65308436724564,0.53899233359462
354,4.04,306.8915668316832,0.5652374559235824
355,4.050000000000001,306.1338098765432,0.58584680718341
356,4.0600000000000005,305.3797857142857,0.5974683564323822
357,4.07,304.6294668304668,0.5986122437175676
358,4.08,303.88282598039217,0.590387923711946
359,4.09,303.1398361858191,0.5760198545367133
360,4.1,302.40047073170734,0.5595415415451539
361,4.109999999999999,301.66470316301707,0.5445794367200598
362,4.12,300.9325072815534,0.5337687397599186
363,4.13,300.20385714285715,0.5287467928094853
364,4.140000000000001,299.47872705314006,0.53041829455338
365,4.15,298.75709156626505,0.5392467408395722
366,4.16,298.03892548076925,0.5554611333188884
367,4.17,297.32420383693045,0.57915557224183
368,4.18,296.61290191387565,0.6102973034454571
369,4.1899999999999995,295.90499522673036,0.6486763583055354
370,4.2,295.2004595238095,0.6938492077932881
371,4.21,294.499270783848,0.7451476400526578
372,4.220000000000001,293.80140521327013,0.8018093185187495
373,4.23,293.1068392434988,0.8631993820871965
374,4.24,292.4155495283019,0.9289660971895051
375,4.25,291.7275129411765,0.9989553954492687
376,4.26,291.04270657277,1.0729096355823236
377,4.27,290.3611077283373,1.150235124269827
378,4.28,289.68269392523365,1.2301050192975644
379,4.29,289.0074428904429,1.311793530892064
380,4.300000000000001,288.3353325581395,1.394784157802646
381,4.3100000000000005,287.6663410672854,1.478282474023196
382,4.32,287.00044675925926,1.560294395163971
383,4.33,286.3376281755196,1.636978166762119
384,4.34,285.67786405529955,1.7029310588382935
385,4.35,285.02113333333335,1.7521785001825239
386,4.359999999999999,284.3674151376147,1.7788851114099768
387,4.37,283.7166887871854,1.7776376061117967
388,4.38,283.0689337899544,1.744653451483253
389,4.390000000000001,282.4241298405467,1.6805413393886848
390,4.4,281.7822568181818,1.5923710655782322
391,4.41,281.1432947845805,1.492266027741695
392,4.42,280.5072239819005,1.393181150703167
393,4.43,279.8740248306998,1.3051285291693702
394,4.4399999999999995,279.243677927928,1.2337705788494486
395,4.45,278.61616404494384,1.1808971460079096
396,4.46,277.9914641255605,1.1455534228784072
397,4.470000000000001,277.3695592841163,1.1250761989465028
398,4.48,276.7504308035714,1.1158655622162577
399,4.49,276.13406013363027,1.1139689978448426
400,4.5,275.5204288888889,1.1155828997062849
401,4.51,274.90951884700667,1.1174996723896837
402,4.5200000000000005,274.3013119469026,1.1174013423011548
403,4.53,273.6957902869757,1.1138668906202083
404,4.54,273.092936123348,1.1061420662535082
405,4.55,272.4927318681319,1.0939257224725059
406,4.5600000000000005,271.89516008771926,1.0773788804099262
407,4.57,271.3002035010941,1.0573274798251686
408,4.58,270.70784497816595,1.0354358888081314
409,4.59,270.11806753812635,1.0141019673481801
410,4.6,269.5308543478261,0.9960224791092964
411,4.61,268.94618872017355,0.9836580535992515
412,4.62,268.36405411255413,0.9788905445040423
413,4.63,267.78443412526997,0.9829441948535991
414,4.64,267.2073125,0.9963755313622333
415,4.65,266.63267311827957,1.0188697986932547
416,4.66,266.0605,1.0487449688307218
417,4.67,265.4907773019272,1.0823545067110083
418,4.68,264.92348931623934,1.1139159903015614
419,4.69,264.3586204690831,1.1364756488487526
420,4.7,263.7961553191489,1.1442381358069793
421,4.71,263.2360785562633,1.135160752551569
422,4.72,262.678375,1.1118067405941827
423,4.73,262.1230295983087,1.079622534741785
424,4.74,261.5700274261603,1.0440365368369755
425,4.75,261.01935368421056,1.008390596281393
426,4.76,260.470993697479,0.9735032826579336
427,4.7700000000000005,259.9249329140461,0.9384919112509443
428,4.78,259.3811569037657,0.9021333679155713
429,4.79,258.8396513569937,0.8640536471412178
430,4.8,258.3004020833334,0.8251893625681589
431,4.8100000000000005,257.763395010395,0.787425215770882
432,4.82,257.22861618257264,0.752826109750643
433,4.83,256.69605175983435,0.7229656391425674
434,4.84,256.1656880165289,0.6985491081595163
435,4.8500000000000005,255.63751134020617,0.6792684536204159
436,4.86,255.11150823045267,0.6638129306506534
437,4.87,254.58766529774127,0.6500795310733656
438,4.88,254.06596926229508,0.6356713038815629
439,4.89,253.54640695296527,0.6186068440108974
440,4.9,253.02896530612244,0.5979039088777632
441,4.91,252.51363136456212,0.5736901652906997
442,4.92,252.0003922764228,0.5468455433318151
443,4.93,251.48923529411766,0.5184936564619708
444,4.94,250.98014777327936,0.4896066529966316
445,4.95,250.47311717171718,0.46078522189005655
446,4.96,249.9681310483871,0.432214552311032
447,4.97,249.46517706237427,0.40380953672320585
448,4.98,248.96424297188753,0.3754876647211635
449,4.99,248.46531663326653,0.3474010766817181
450,5.0,247.968386,0.3199790826957062
451,5.01,247.4734391217565,0.2937869927390944
452,5.0200000000000005,246.98046414342627,0.26933362242812176
453,5.03,246.48944930417494,0.2469480012154698
454,5.04,246.00038293650795,0.22675520700648352
455,5.05,245.51325346534657,0.2087164874552908
456,5.0600000000000005,245.02804940711462,0.1926890408644162
457,5.07,244.54475936883628,0.17847854945571245
458,5.08,244.0633720472441,0.16587570825410491
459,5.09,243.58387622789786,0.15467780797701763
460,5.1000000000000005,243.10626078431372,0.14469954274671676
461,5.11,242.63051467710372,0.13577709629335122
462,5.12,242.156626953125,0.1277684744764889
463,5.13,241.6845867446394,0.12055197641461837
464,5.14,241.21438326848252,0.11402390614239699
465,5.15,240.74600582524272,0.10809611857277504
466,5.16,240.27944379844962,0.10269369198046334
467,5.17,239.81468665377176,0.09775285064637901
468,5.18,239.35172393822396,0.0932191723249396
469,5.19,238.89054527938342,0.08904607154677377
470,5.2,238.4311403846154,0.08519353087171987
471,5.21,237.9734990403071,0.08162704622914045
472,5.22,237.51761111111114,0.0783167528437494
473,5.23,237.06346653919692,0.07523670139823233
474,5.24,236.61105534351145,0.07236425818720393
475,5.25,236.16036761904763,0.06967960716472782
476,5.26,235.7113935361217,0.06716533557521476
477,5.2700000000000005,235.26412333965843,0.06480608814019152
478,5.28,234.81854734848486,0.0625882775346597
479,5.29,234.37465595463138,0.060499841167885884
480,5.3,233.93243962264154,0.05853003614742424
481,5.3100000000000005,233.49188888888887,0.05666926581833712
482,5.32,233.05299436090226,0.054908932493603284
483,5.33,232.61574671669794,0.053241311980276484
484,5.34,232.18013670411986,0.05165944630426054
485,5.3500000000000005,231.74615514018691,0.050157051681750206
486,5.36,231.31379291044775,0.04872843930765084
487,5.37,230.88304096834264,0.04736844695491477
488,5.38,230.4538903345725,0.0460723797232019
489,5.39,230.026332096475,0.044835958556119354
490,5.4,229.60035740740742,0.04365527537594224
491,5.41,229.17595748613678,0.04252675387305771
492,5.42,228.75312361623617,0.04144711514230784
493,5.43,228.33184714548804,0.0404133474862673
494,5.44,227.9121194852941,0.03942267981132319
495,5.45,227.49393211009175,0.03847255813031066
496,5.46,227.07727655677655,0.03756062475865372
497,5.47,226.66214442413164,0.0366846998521199
498,5.48,226.24852737226277,0.035842764985540544
499,5.49,225.83641712204007,0.03503294851492082
500,5.5,225.42580545454547,0.03425351250166512
501,5.51,225.01668421052634,0.03350284100833155
502,5.5200000000000005,224.60904528985506,0.03277942960133707
503,5.53,224.2028806509946,0.032081875918143134
504,5.54,223.79818231046931,0.03140887117528804
505,5.55,223.39494234234235,0.030759192509729232
506,5.5600000000000005,222.99315287769784,0.030131696059742075
507,5.57,222.59280610412927,0.029525310703459602
508,5.58,222.19389426523298,0.02893903238332352
509,5.59,221.79640966010734,0.028371918953507044
510,5.6000000000000005,221.40034464285714,0.027823085494966777
511,5.61,221.00569162210337,0.02729170004936724
512,5.62,220.61244306049824,0.026776979728838156
513,5.63,220.22059147424514,0.026278187163502824
514,5.64,219.83012943262415,0.025794627253053506
515,5.65,219.44104955752212,0.025325644192442147
516,5.66,219.0533445229682,0.024870618745074003
517,5.67,218.66700705467375,0.02442896573980252
518,5.68,218.28202992957748,0.024000131770583088
519,5.69,217.89840597539543,0.023583593079894313
520,5.7,217.51612807017543,0.023178853609022155
521,5.71,217.13518914185642,0.022785443200055648
522,5.72,216.7555821678322,0.0224029159359965
523,5.73,216.37730017452006,0.022030848606758892
524,5.74,216.0003362369338,0.021668839290058212
525,5.75,215.6246834782609,0.0213165060372719
526,5.76,215.25033506944447,0.02097348565532331
527,5.7700000000000005,214.8772842287695,0.020639432576500166
528,5.78,214.5055242214533,0.020314017808889764
529,5.79,214.13504835924007,0.019996927960800156
530,5.8,213.76585000000003,0.01968786433315411
531,5.8100000000000005,213.39792254733217,0.019386542074393786
532,5.82,213.03125945017183,0.019092689392931097
533,5.83,212.6658542024014,0.0188060468226238
534,5.84,212.30170034246578,0.018526366537159594
535,5.8500000000000005,211.93879145299144,0.018253411709591362
536,5.86,211.57712116040955,0.017986955913593516
537,5.87,211.21668313458264,0.017726782563303664
538,5.88,210.85747108843537,0.01747268438888118
539,5.89,210.49947877758916,0.017224462945154607
540,5.9,210.1427,0.016981928150949146
541,5.91,209.78712859560068,0.01674489785688387
542,5.92,209.43275844594595,0.01651319743960805
543,5.93,209.07958347386173,0.016286659420610583
544,5.94,208.72759764309762,0.016065123107884827
545,5.95,208.3767949579832,0.015848434258867717
546,5.96,208.02716946308726,0.015636444763195135
547,5.97,207.67871524288108,0.015429012343929299
548,5.98,207.33142642140467,0.015226000276016716
549,5.99,206.98529716193656,0.015027277120829907
550,6.0,206.64032166666667,0.014832716475732198
551,6.01,206.29649417637273,0.014642196737684703
552,6.0200000000000005,205.95380897009966,0.014455600879986387
553,6.03,205.61226036484246,0.014272816241305369
554,6.04,205.2718427152318,0.014093734326220162
555,6.05,204.93255041322317,0.013918250616546377
556,6.0600000000000005,204.59437788778877,0.013746264392775497
557,6.07,204.25731960461286,0.013577678565000452
558,6.08,203.9213700657895,0.013412399512745896
559,6.09,203.5865238095238,0.013250336933162233
560,6.1000000000000005,203.25277540983606,0.013091403697079104
561,6.11,202.9201194762684,0.012935515712448865
562,6.12,202.58855065359478,0.012782591794741824
563,6.13,202.25806362153347,0.012632553543885258
564,6.14,201.92865309446256,0.012485325227364483
565,6.15,201.6003138211382,0.012340833669130068
566,6.16,201.27304058441558,0.012199008143978323
567,6.17,200.94682820097245,0.012059780277093736
568,6.18,200.6216715210356,0.011923083948462372
569,6.19,200.29756542810986,0.01178885520188351
570,6.2,199.9745048387097,0.011657032158324396
571,6.21,199.6524847020934,0.011527554933378568
572,6.22,199.3315,0.011400365558603857
573,6.23,199.01154574638844,0.011275407906529249
574,6.24,198.6926169871795,0.011152627619133455
575,6.25,198.3747088,0.01103197203960936
576,6.26,198.05781629392973,0.010913390147240565
577,6.2700000000000005,197.7419346092504,0.010796832495225785
578,6.28,197.42705891719746,0.010682251151297572
579,6.29,197.11318441971383,0.010569599640989977
580,6.3,196.80030634920635,0.01045883289341923
581,6.3100000000000005,196.48841996830427,0.01034990718944869
582,6.32,196.17752056962024,0.01024278011211723
583,6.33,195.86760347551342,0.010137410499216952
584,6.34,195.5586640378549,0.010033758397912703
585,6.3500000000000005,195.25069763779527,0.009931785021302045
586,6.36,194.9436996855346,0.009831452706819814
587,6.37,194.6376656200942,0.009732724876396964
588,6.38,194.33259090909092,0.009635565998288343
589,6.39,194.02847104851332,0.00953994155048872
590,6.4,193.7253015625,0.009445817985660824
591,6.41,193.42307800312014,0.0093531626975033
592,6.42,193.12179595015579,0.00926194398849035
593,6.43,192.82145101088648,0.009172131038918561
594,6.44,192.52203881987577,0.009083693877199834
595,6.45,192.22355503875968,0.008996603351342452
596,6.46,191.92599535603716,0.008910831101565531
597,6.47,191.62935548686247,0.008826349533994903
598,6.48,191.3336311728395,0.008743131795391138
599,6.49,191.0388181818182,0.008661151748863
600,6.5,190.74491230769232,0.008580383950522002
601,6.51,190.4519093701997,0.00850080362703598
602,6.5200000000000005,190.15980521472392,0.00842238665404183
603,6.53,189.868595712098,0.008345109535379381
604,6.54,189.5782767584098,0.008268949383110376
605,6.55,189.28884427480918,0.008193883898288446
606,6.5600000000000005,189.00029420731707,0.008119891352447344
607,6.57,188.71262252663624,0.008046950569776683
608,6.58,188.42582522796354,0.007975040909955529
609,6.59,188.13989833080427,0.007904142251616038
610,6.6000000000000005,187.85483787878786,0.007834234976410304
611,6.61,187.57063993948563,0.0077652999536552015
612,6.62,187.2873006042296,0.0076973185255308565
613,6.63,187.00481598793365,0.007630272492809892
614,6.640000000000001,186.72318222891565,0.007564144101095392
615,6.65,186.44239548872181,0.007498916027546746
616,6.66,186.16245195195197,0.00743457136807332
617,6.67,185.88334782608698,0.007371093624977078
618,6.68,185.60507934131738,0.007308466695025889
619,6.69,185.32764275037368,0.007246674857940272
620,6.7,185.0510343283582,0.007185702765277047
621,6.71,184.77525037257826,0.00712553542969406
622,6.72,184.50028720238097,0.0070661582145809965
623,6.73,184.2261411589896,0.007007556824041833
624,6.74,183.95280860534126,0.006949717293215224
625,6.75,183.68028592592594,0.006892625978919582
626,6.76,183.40856952662722,0.006836269550610442
627,6.7700000000000005,183.13765583456424,0.006780634981637936
628,6.78,182.8675412979351,0.006725709540793025
629,6.79,182.59822238586156,0.0066714807841313705
630,6.8,182.3296955882353,0.006617936547064449
631,6.8100000000000005,182.06195741556533,0.0065650649367077355
632,6.82,181.795004398827,0.006512854324476419
633,6.83,181.52883308931186,0.006461293338919305
634,6.84,181.26344005847955,0.0064103708587821915
635,6.8500000000000005,180.99882189781022,0.006360076006292146
636,6.86,180.7349752186589,0.006310398140654654
637,6.87,180.47189665211064,0.006261326851755773
638,6.88,180.20958284883721,0.006212851954061943
639,6.890000000000001,179.948030478955,0.00616496348071019
640,6.9,179.68723623188404,0.006117651677782008
641,6.91,179.4271968162084,0.0060709069987541575
642,6.92,179.16790895953758,0.006024720099120282
643,6.93,178.90936940836943,0.005979081831177118
644,6.94,178.65157492795387,0.005933983238969567
645,6.95,178.39452230215826,0.005889415553389062
646,6.96,178.13820833333335,0.005845370187419805
647,6.97,177.8826298421808,0.005801838731527799
648,6.98,177.62778366762177,0.005758812949187707
649,6.99,177.37366666666668,0.005716284772542761
650,7.0,177.12027571428573,0.005674246298193212
651,7.01,176.86760770328104,0.0056326897831088735
652,7.0200000000000005,176.61565954415954,0.00559160764066161
653,7.03,176.36442816500713,0.005550992436773658
654,7.04,176.11391051136366,0.0055108368861778965
655,7.05,175.8641035460993,0.005471133848786325
656,7.0600000000000005,175.6150042492918,0.005431876326163156
657,7.07,175.36660961810466,0.005393057458099004
658,7.08,175.11891666666668,0.005354670519282873
659,7.09,174.87192242595205,0.0053167089160686765
660,7.1000000000000005,174.62562394366196,0.005279166183333289
661,7.11,174.38001828410688,0.005242035981423011
662,7.12,174.1351025280899,0.005205312093185684
663,7.13,173.89087377279102,0.005168988421085658
664,7.140000000000001,173.64732913165264,0.005133058984398902
665,7.15,173.40446573426573,0.005097517916485788
666,7.16,173.162280726257,0.0050623594621389345
667,7.17,172.92077126917712,0.005027577975003882
668,7.18,172.67993454038998,0.004993167915070161
669,7.19,172.43976773296245,0.0049591238462306075
670,7.2,172.20026805555557,0.004925440433906815
671,7.21,171.96143273231624,0.004892112442738542
672,7.22,171.7232590027701,0.004859134734335233
673,7.23,171.48574412171507,0.004826502265087624
674,7.24,171.24888535911603,0.004794210084037632
675,7.25,171.01268000000002,0.004762253330804721
676,7.26,170.77712534435264,0.004730627233567018
677,7.2700000000000005,170.54221870701514,0.004699327107095531
678,7.28,170.30795741758243,0.00466834835083985
679,7.29,170.0743388203018,0.004637686447063762
680,7.3,169.8413602739726,0.004607336959029286
681,7.3100000000000005,169.60901915184678,0.004577295529227717
682,7.32,169.37731284153006,0.0045475578776562236
683,7.33,169.14623874488404,0.004518119800138665
684,7.34,168.91579427792917,0.004488977166689335
685,7.3500000000000005,168.6859768707483,0.004460125919918359
686,7.36,168.45678396739132,0.0044315620734775235
687,7.37,168.2282130257802,0.004403281710545328
688,7.38,168.00026151761517,0.004375280982350184
689,7.390000000000001,167.77292692828146,0.004347556106730586
690,7.4,167.54620675675676,0.004320103366731238
691,7.41,167.32009851551956,0.004292919109234065
692,7.42,167.09459973045824,0.004265999743623119
693,7.43,166.86970794078064,0.004239341740482455
694,7.44,166.64542069892474,0.004212941630325957
695,7.45,166.4217355704698,0.004186796002358296
696,7.46,166.19865013404825,0.00416090150326608
697,7.47,165.97616198125837,0.004135254836038367
698,7.48,165.75426871657754,0.004109852758815743
699,7.49,165.53296795727638,0.004084692083767131
700,7.5,165.31225733333335,0.004059769675993583
701,7.51,165.09213448735022,0.004035082452458292
702,7.5200000000000005,164.87259707446808,0.0040106273809421365
703,7.53,164.6536427622842,0.003986401479024007
704,7.54,164.43526923076922,0.0039624018130852675
705,7.55,164.21747417218543,0.003938625497337698
706,7.5600000000000005,164.0002552910053,0.003915069692874254
707,7.57,163.7836103038309,0.003891731606742054
708,7.58,163.56753693931398,0.0038686084910369736
709,7.59,163.35203293807643,0.003845697642019285
710,7.6000000000000005,163.13709605263156,0.003822996399249747
711,7.61,162.92272404730616,0.003800502144745661
712,7.62,162.70891469816274,0.0037782123021562787
713,7.63,162.4956657929227,0.0037561243359571193
714,7.640000000000001,162.28297513089004,0.003734235750662671
715,7.65,162.0708405228758,0.0037125440900569917
716,7.66,161.85925979112272,0.003691046936441724
717,7.67,161.64823076923076,0.003669741909901125
718,7.68,161.43775130208334,0.003648626667583594
719,7.69,161.22781924577373,0.0036276989029993354
720,7.7,161.01843246753248,0.003606956345333704
721,7.71,160.80958884565501,0.003586396758775825
722,7.72,160.60128626943006,0.003566017941862136
723,7.73,160.39352263906855,0.0035458177268344183
724,7.74,160.18629586563307,0.003525793979011995
725,7.75,159.97960387096774,0.0035059445961776905
726,7.76,159.7734445876289,0.0034862675079772587
727,7.7700000000000005,159.56781595881594,0.0034667606753318748
728,7.78,159.36271593830335,0.0034474220898634373
729,7.79,159.15814249037228,0.003428249773332274
730,7.8,158.9540935897436,0.003409241777087026
731,7.8100000000000005,158.7505672215109,0.0033903961815263464
732,7.82,158.54756138107416,0.0033717110955721608
733,7.83,158.3450740740741,0.0033531846561541618
734,7.84,158.14310331632655,0.0033348150277053073
735,7.8500000000000005,157.94164713375795,0.0033166004016680246
736,7.86,157.74070356234097,0.003298538996010862
737,7.87,157.54027064803049,0.003280629054755335
738,7.88,157.34034644670052,0.0032628688475127197
739,7.890000000000001,157.14092902408112,0.003245256669030566
740,7.9,156.9420164556962,0.0032277908387486633
741,7.91,156.7436068268015,0.003210469700364263
742,7.92,156.54569823232325,0.0031932916214063222
743,7.93,156.34828877679698,0.0031762549928185555
744,7.94,156.1513765743073,0.0031593582285510792
745,7.95,155.95495974842768,0.0031425997651604565
746,7.96,155.7590364321608,0.0031259780614179265
747,7.97,155.56360476787955,0.00310949159792565
748,7.98,155.36866290726817,0.00309313887674075
749,7.99,155.17420901126408,0.0030769184210069963
750,8.0,154.98024125,0.00306082877459394
751,8.01,154.78675780274656,0.003044868501743312
752,8.02,154.59375685785537,0.0030290361867225477
753,8.030000000000001,154.40123661270235,0.0030133304334852514
754,8.04,154.20919527363185,0.002997749865338438
755,8.05,154.0176310559006,0.0029822931246163953
756,8.06,153.82654218362282,0.0029669588723610645
757,8.07,153.635926889715,0.0029517457880086804
758,8.08,153.4457834158416,0.002936652569082659
759,8.09,153.25611001236095,0.002921677930892485
760,8.100000000000001,153.0669049382716,0.002906820606238527
761,8.11,152.87816646115908,0.002892079345122627
762,8.120000000000001,152.68989285714284,0.0028774529144643046
763,8.129999999999999,152.50208241082413,0.0028629400978225287
764,8.14,152.3147334152334,0.0028485396951228054
765,8.15,152.12784417177915,0.0028342505223896337
766,8.16,151.94141299019608,0.0028200714114840282
767,8.17,151.7554381884945,0.0028060012098461355
768,8.18,151.56991809290955,0.0027920387802427564
769,8.190000000000001,151.384851037851,0.002778183000519697
770,8.2,151.20023536585367,0.0027644327633588473
771,8.21,151.01606942752738,0.0027507869760398196
772,8.219999999999999,150.83235158150853,0.00273724456020618
773,8.23,150.6490801944107,0.002723804451635994
774,8.24,150.4662536407767,0.0027104656000167954
775,8.25,150.2838703030303,0.002697226968724671
776,8.26,150.10192857142857,0.0026840875346075565
777,8.27,149.92042684401451,0.002671046287772538
778,8.280000000000001,149.73936352657003,0.0026581022313771113
779,8.29,149.55873703256938,0.0026452543814243323
780,8.3,149.37854578313252,0.0026325017665617123
781,8.31,149.19878820697954,0.002619843427883884
782,8.32,149.01946274038463,0.002607278418738834
783,8.33,148.84056782713085,0.0025948058045377276
784,8.34,148.66210191846523,0.002582424662568195
785,8.350000000000001,148.48406347305388,0.002570134081811018
786,8.36,148.30645095693782,0.0025579331627601687
787,8.370000000000001,148.12926284348865,0.0025458210172460785
788,8.379999999999999,147.95249761336518,0.002533796768262141
789,8.39,147.7761537544696,0.0025218595497943
790,8.4,147.60022976190476,0.002510008506653744
791,8.41,147.42472413793104,0.0024982427943125627
792,8.42,147.249635391924,0.0024865615787423674
793,8.43,147.07496204033217,0.0024749640362557715
794,8.440000000000001,146.90070260663506,0.0024634493533507045
795,8.45,146.72685562130178,0.002452016726557482
796,8.46,146.5534196217494,0.0024406653622885523
797,8.469999999999999,146.38039315230228,0.0024293944766909563
798,8.48,146.20777476415094,0.0024182032955013004
799,8.49,146.03556301531214,0.002407091053903355
800,8.5,145.86375647058824,0.002396056996388074
801,8.51,145.69235370152762,0.0023851003766161044
802,8.52,145.521353286385,0.002374220457282657
803,8.53,145.35075381008207,0.0023634165099847473
804,8.540000000000001,145.18055386416862,0.002352687815090708
805,8.55,145.0107520467836,0.002342033661611982
806,8.56,144.84134696261683,0.0023314533470770917
807,8.57,144.67233722287048,0.0023209461774077937
808,8.58,144.50372144522146,0.0023105114667973507
809,8.59,144.33549825378347,0.002300148537590867
810,8.6,144.16766627906978,0.0022898567201676896
811,8.61,144.00022415795587,0.002279635352825776
812,8.620000000000001,143.8331705336427,0.0022694837816680455
813,8.63,143.66650405561992,0.0022594013604906407
814,8.64,143.50022337962963,0.0022493874506730694
815,8.65,143.33432716763005,0.0022394414210701982
816,8.66,143.1688140877598,0.002229562647906062
817,8.67,143.0036828143022,0.0022197505146694346
818,8.68,142.83893202764978,0.002210004412011158
819,8.69,142.67456041426928,0.002200323737643169
820,8.7,142.51056666666668,0.0021907078962392044
821,8.71,142.34694948335246,0.00218115629933715
822,8.72,142.18370756880734,0.002171668365243011
823,8.73,142.02083963344788,0.002162243518936446
824,8.74,141.8583443935927,0.002152881191977861
825,8.75,141.69622057142857,0.0021435808224170363
826,8.76,141.5344668949772,0.002134341854703233
827,8.77,141.3730820980616,0.002125163739596771
828,8.78,141.21206492027338,0.0021160459340820435
829,8.790000000000001,141.0514141069397,0.0021069879012819413
830,8.8,140.8911284090909,0.0020979891103736726
831,8.81,140.73120658342793,0.0020890490365059254
832,8.82,140.57164739229026,0.0020801671607173717
833,8.83,140.41244960362403,0.002071342969856487
834,8.84,140.25361199095025,0.002062575956502639
835,8.85,140.09513333333334,0.0020538656188884567
836,8.86,139.9370124153499,0.0020452114608234214
837,8.870000000000001,139.7792480270575,0.002036612991618681
838,8.88,139.62183896396397,0.002028069726013057
839,8.89,139.46478402699663,0.002019581184100215
840,8.9,139.30808202247192,0.002011146891257001
841,8.91,139.1517317620651,0.00200276637807289
842,8.92,138.99573206278026,0.001994439180280551
843,8.93,138.8400817469205,0.0019861648386875026
844,8.94,138.68477964205817,0.001977942899108829
845,8.95,138.5298245810056,0.0019697729123009594
846,8.96,138.3752154017857,0.0019616544338964597
847,8.97,138.22095094760311,0.001953587024339857
848,8.98,138.06703006681514,0.0019455702488244398
849,8.99,137.91345161290323,0.001937603677230045
850,9.0,137.76021444444444,0.0019296868840618048
851,9.01,137.60731742508324,0.0019218194483898291
852,9.02,137.45475942350333,0.0019140009537898187
853,9.03,137.3025393133998,0.0019062309882845868
854,9.040000000000001,137.1506559734513,0.0018985091442864674
855,9.05,136.9991082872928,0.0018908350185406198
856,9.06,136.84789514348785,0.0018832082120691625
857,9.07,136.69701543550167,0.0018756283301161873
858,9.08,136.546468061674,0.0018680949820935884
859,9.09,136.39625192519253,0.0018606077815277085
860,9.1,136.24636593406595,0.0018531663460067966
861,9.11,136.0968090010977,0.0018457702971292488
862,9.120000000000001,135.94758004385963,0.0018384192604526258
863,9.13,135.79867798466594,0.0018311128654434398
864,9.14,135.65010175054704,0.001823850745427674
865,9.15,135.50185027322405,0.001816632537542062
866,9.16,135.35392248908298,0.001809457882686071
867,9.17,135.2063173391494,0.0018023264254746082
868,9.18,135.05903376906318,0.0017952378141914199
869,9.19,134.91207072905334,0.0017881917007431828
870,9.200000000000001,134.76542717391303,0.001781187740614268
871,9.21,134.61910206297503,0.0017742255928221763
872,9.22,134.47309436008678,0.001767304919873609
873,9.23,134.32740303358614,0.0017604253877212045
874,9.24,134.18202705627706,0.0017535866657208887
875,9.25,134.0369654054054,0.0017467884265898544
876,9.26,133.89221706263498,0.0017400303463651471
877,9.27,133.74778101402376,0.0017333121043628524
878,9.28,133.60365625,0.0017266333831378754
879,9.290000000000001,133.45984176533906,0.0017199938684442965
880,9.3,133.31633655913978,0.0017133932491963041
881,9.31,133.1731396348013,0.001706831217429679
882,9.32,133.03025,0.0017003074682638382
883,9.33,132.88766666666666,0.0016938216998644243
884,9.34,132.7453886509636,0.0016873736134064147
885,9.35,132.60341497326203,0.001680962913037775
886,9.36,132.46174465811967,0.0016745893058436137
887,9.370000000000001,132.32037673425828,0.0016682525018108525
888,9.38,132.17931023454156,0.0016619522137933964
889,9.39,132.03854419595314,0.0016556881574777901
890,9.4,131.89807765957445,0.0016494600513493613
891,9.41,131.75790967056324,0.001643267616658847
892,9.42,131.61803927813165,0.0016371105773894733
893,9.43,131.47846553552492,0.0016309886602245093
894,9.44,131.3391875,0.001624901594515267
895,9.450000000000001,131.20020423280423,0.0016188491122495468
896,9.46,131.06151479915434,0.0016128309480205286
897,9.47,130.9231182682154,0.0016068468389960856
898,9.48,130.78501371308016,0.001600896524888528
899,9.49,130.64720021074817,0.0015949797479247673
900,9.5,130.50967684210528,0.0015890962528168832
901,9.51,130.37244269190327,0.0015832457867331084
902,9.52,130.2354968487395,0.0015774280992691986
903,9.53,130.09883840503673,0.0015716429424202025
904,9.540000000000001,129.96246645702305,0.0015658900705526162
905,9.55,129.82638010471203,0.0015601692403769203
906,9.56,129.69057845188286,0.0015544802109204842
907,9.57,129.5550606060606,0.0015488227435008428
908,9.58,129.41982567849686,0.0015431966016993376
909,9.59,129.28487278415017,0.001537601551335111
910,9.6,129.1502010416667,0.0015320373604394526
911,9.61,129.01580957336108,0.0015265037992304954
912,9.620000000000001,128.8816975051975,0.0015210006400882417
913,9.63,128.7478639667705,0.0015155276575299379
914,9.64,128.61430809128632,0.0015100846281857702
915,9.65,128.48102901554404,0.0015046713307748838
916,9.66,128.34802587991717,0.0014992875460817328
917,9.67,128.21529782833505,0.0014939330569327303
918,9.68,128.08284400826446,0.0014886076481732211
919,9.69,127.95066357069145,0.0014833111066447548
920,9.700000000000001,127.81875567010309,0.0014780432211626549
921,9.71,127.68711946446962,0.001472803782493897
922,9.72,127.55575411522634,0.0014675925833352625
923,9.73,127.42465878725591,0.0014624094182917916
924,9.74,127.29383264887063,0.0014572540838555172
925,9.75,127.16327487179488,0.001452126378384468
926,9.76,127.03298463114754,0.0014470261020819622
927,9.77,126.90296110542478,0.0014419530569761572
928,9.78,126.77320347648264,0.001436907046899873
929,9.790000000000001,126.64371092951991,0.0014318878774706742
930,9.8,126.51448265306122,0.001426895356071217
931,9.81,126.38551783893986,0.0014219292918298406
932,9.82,126.25681568228106,0.0014169894956014139
933,9.83,126.12837538148526,0.001412075779948436
934,9.84,126.0001961382114,0.0014071879591223662
935,9.85,125.87227715736041,0.0014023258490452085
936,9.86,125.74461764705883,0.0013974892672913178
937,9.870000000000001,125.61721681864235,0.001392678033069452
938,9.88,125.49007388663968,0.0013878919672050457
939,9.89,125.36318806875632,0.0013831308921227101
940,9.9,125.23655858585859,0.0013783946318289574
941,9.91,125.11018466195762,0.0013736830118951443
942,9.92,124.98406552419355,0.0013689958594406322
943,9.93,124.85820040281975,0.0013643330031161585
944,9.94,124.73258853118713,0.0013596942730874195
945,9.950000000000001,124.60722914572864,0.0013550795010188572
946,9.96,124.48212148594376,0.0013504885200576581
947,9.97,124.35726479438314,0.0013459211648179398
948,9.98,124.23265831663326,0.0013413772713651473
949,9.99,124.10830130130131,0.0013368566772006384
950,10.0,123.984193,0.0013323592212464632
