gen,filename,PCE,donor
1,28_133_39,15.308733,PBQx-TF,
1,7_51_64,14.751051,D18,
1,26_24_4,14.698742,PBQx-TF,
1,64_92_26,14.424856,D18,
1,32_24_32,14.420692,D18,
1,66_22_52,14.095834,PBQx-TF,
1,16_103_16,13.906615,D18,
1,64_64_64,13.820173,D18,
1,2_136_2,13.513074,PBQx-TF,
1,50_101_45,13.415925,D18,
1,2_67_50,13.400700,D18,
1,9_123_9,13.206906,D18,
1,28_73_28,13.144628,PBQx-TF,
1,15_44_57,13.122144,PBQx-TF,
1,40_56_40,13.057809,D18,
1,55_110_55,13.026526,D18,
1,40_11_40,13.017416,D18,
1,43_42_43,13.008691,D18,
1,29_55_29,12.846121,D18,
1,45_119_45,12.711729,D18,
1,7_76_7,12.706668,D18,
1,63_32_63,12.697743,D18,
1,53_38_43,12.550674,D18,
1,56_76_56,12.540773,D18,
1,13_62_56,12.532674,PBQx-TF,
1,5_94_5,12.519547,D18,
1,56_49_56,12.460306,PBB-F,
1,4_18_53,12.371222,D18,
1,53_19_53,12.322298,D18,
1,43_25_52,12.297366,D18,
1,53_109_53,12.208428,D18,
1,57_84_57,12.196675,PBTA-PSF,
2,28_133_39,15.308733,PBQx-TF,
2,26_22_4,14.846090,PBQx-TF,
2,64_92_64,14.806364,D18,
2,7_51_64,14.751051,D18,
2,26_24_4,14.698742,PBQx-TF,
2,64_92_26,14.424856,D18,
2,32_24_32,14.420692,D18,
2,21_24_32,14.303591,D18,
2,16_51_16,14.289445,D18,
2,7_2_2,14.227659,PBQx-TF,
2,66_22_52,14.095834,PBQx-TF,
2,16_103_16,13.906615,D18,
2,64_64_64,13.820173,D18,
2,50_103_50,13.731954,D18,
2,2_136_2,13.513074,PBQx-TF,
2,50_101_45,13.415925,D18,
2,2_67_50,13.400700,D18,
2,7_56_64,13.322570,D18,
2,28_73_64,13.286833,D18,
2,9_123_9,13.206906,D18,
2,28_56_40,13.195760,D18,
2,28_73_28,13.144628,PBQx-TF,
2,15_44_57,13.122144,PBQx-TF,
2,2_56_2,13.078513,PBQx-TF,
2,40_56_40,13.057809,D18,
2,55_110_55,13.026526,D18,
2,55_110_32,12.986002,D18,
2,32_44_57,12.965358,PBQx-TF,
2,15_110_55,12.952283,D18,
2,26_1_40,12.733953,D18,
2,10_123_50,12.583131,PBQx-TF,
2,55_41_55,12.455669,PBQx-TF,
3,28_133_39,15.308733,PBQx-TF,
3,66_103_16,14.925058,D18,
3,64_51_16,14.906058,D18,
3,26_22_4,14.846090,PBQx-TF,
3,64_92_64,14.806364,D18,
3,16_51_64,14.783017,D18,
3,7_51_64,14.751051,D18,
3,26_24_4,14.698742,PBQx-TF,
3,26_24_68,14.648619,D18,
3,21_24_16,14.439034,D18,
3,64_92_26,14.424856,D18,
3,32_24_32,14.420692,D18,
3,21_24_32,14.303591,D18,
3,16_51_16,14.289445,D18,
3,7_2_2,14.227659,PBQx-TF,
3,66_22_52,14.095834,PBQx-TF,
3,16_103_16,13.906615,D18,
3,26_64_64,13.899312,D18,
3,50_92_31,13.870104,PBQx-TF,
3,50_92_50,13.863574,D18,
3,64_64_64,13.820173,D18,
3,50_103_50,13.731954,D18,
3,53_92_64,13.723951,D18,
3,16_92_16,13.699055,D18,
3,2_136_2,13.513074,PBQx-TF,
3,7_101_2,13.504032,D18,
3,2_136_64,13.485919,D18,
3,50_101_2,13.426297,D18,
3,50_101_45,13.415925,D18,
3,16_101_45,13.362463,D18,
3,2_52_52,13.169307,D18,
3,50_136_2,13.044217,PBQx-TF,
4,26_51_64,15.682137,D18,
4,28_133_39,15.308733,PBQx-TF,
4,28_24_28,14.968835,D18,
4,26_51_4,14.939398,PBQx-TF,
4,66_103_16,14.925058,D18,
4,64_51_16,14.906058,D18,
4,26_22_4,14.846090,PBQx-TF,
4,22_51_64,14.833536,D18,
4,64_92_64,14.806364,D18,
4,16_51_64,14.783017,D18,
4,7_51_64,14.751051,D18,
4,66_24_16,14.738522,D18,
4,26_24_4,14.698742,PBQx-TF,
4,26_24_68,14.648619,D18,
4,64_92_34,14.519707,D18,
4,21_24_16,14.439034,D18,
4,21_51_16,14.428398,D18,
4,64_92_26,14.424856,D18,
4,32_24_32,14.420692,D18,
4,21_24_32,14.303591,D18,
4,16_51_16,14.289445,D18,
4,7_2_2,14.227659,PBQx-TF,
4,66_22_52,14.095834,PBQx-TF,
4,7_92_2,14.075544,PBQx-TF,
4,16_92_64,14.063197,D18,
4,64_92_16,14.028135,D18,
4,66_52_52,13.866171,D18,
4,7_92_7,13.829608,D18,
4,32_64_64,13.767983,D18,
4,21_114_68,13.734706,D18,
4,64_92_52,13.566212,D18,
4,21_16_16,12.424093,D18,
5,26_51_64,15.682137,D18,
5,64_34_34,15.415621,PBQx-TF,
5,28_133_39,15.308733,PBQx-TF,
5,26_133_64,15.295705,D18,
5,64_51_15,15.118112,D18,
5,28_24_28,14.968835,D18,
5,26_51_4,14.939398,PBQx-TF,
5,64_22_4,14.935851,PBQx-TF,
5,66_103_16,14.925058,D18,
5,64_51_16,14.906058,D18,
5,26_22_4,14.846090,PBQx-TF,
5,22_51_64,14.833536,D18,
5,64_92_64,14.806364,D18,
5,16_51_64,14.783017,D18,
5,7_51_64,14.751051,D18,
5,28_22_4,14.749102,PBQx-TF,
5,66_24_16,14.738522,D18,
5,26_24_4,14.698742,PBQx-TF,
5,22_22_66,14.689490,D18,
5,26_24_68,14.648619,D18,
5,22_22_64,14.545036,D18,
5,64_92_34,14.519707,D18,
5,21_24_16,14.439034,D18,
5,26_51_16,14.270436,D18,
5,4_92_64,14.079921,D18,
5,64_92_16,14.028135,D18,
5,23_92_34,13.990989,D18,
5,21_103_16,13.778509,D18,
5,64_68_68,13.656281,PBQx-TF,
5,66_64_64,13.647881,D18,
5,28_39_39,13.277654,PBB-F,
5,26_16_16,12.198295,PBTA-PSF,
6,64_51_64,16.096771,D18,
6,64_51_64,16.096771,D18,
6,64_51_64,16.096771,D18,
6,26_51_64,15.682137,D18,
6,64_34_64,15.592783,D18,
6,28_24_64,15.451507,D18,
6,64_133_4,15.424981,D18,
6,64_34_34,15.415621,PBQx-TF,
6,64_133_39,15.397912,D18,
6,28_133_39,15.308733,PBQx-TF,
6,26_133_64,15.295705,D18,
6,64_34_29,15.249109,D18,
6,64_51_15,15.118112,D18,
6,26_51_46,15.037893,PBQx-TF,
6,28_24_28,14.968835,D18,
6,26_51_4,14.939398,PBQx-TF,
6,64_22_4,14.935851,PBQx-TF,
6,66_103_16,14.925058,D18,
6,64_51_16,14.906058,D18,
6,26_22_4,14.846090,PBQx-TF,
6,22_51_64,14.833536,D18,
6,64_92_64,14.806364,D18,
6,16_51_64,14.783017,D18,
6,7_51_64,14.751051,D18,
6,28_22_4,14.749102,PBQx-TF,
6,28_103_4,14.448869,D18,
6,64_22_16,14.281693,D18,
6,64_39_39,13.422430,PBB-F,
6,26_77_64,12.995439,PBQx-TF,
6,64_29_34,12.764258,PBQx-TF,
6,26_4_4,12.288391,D18,
6,26_4_4,12.288391,D18,
7,64_51_64,16.096771,D18,
7,64_51_64,16.096771,D18,
7,64_51_64,16.096771,D18,
7,26_51_64,15.682137,D18,
7,64_34_64,15.592783,D18,
7,64_51_46,15.550431,D18,
7,28_24_64,15.451507,D18,
7,57_34_34,15.447679,PBQx-TF,
7,64_133_34,15.433553,D18,
7,64_133_4,15.424981,D18,
7,64_34_34,15.415621,PBQx-TF,
7,64_133_39,15.397912,D18,
7,64_133_31,15.360595,D18,
7,28_133_39,15.308733,PBQx-TF,
7,26_133_64,15.295705,D18,
7,64_34_29,15.249109,D18,
7,26_133_39,15.160914,D18,
7,64_51_15,15.118112,D18,
7,26_51_46,15.037893,PBQx-TF,
7,64_34_51,15.010183,D18,
7,28_24_28,14.968835,D18,
7,26_51_4,14.939398,PBQx-TF,
7,26_24_26,14.781020,PBQx-TF,
7,26_51_45,14.775795,PBQx-TF,
7,40_51_28,14.756131,PBQx-TF,
7,52_51_4,14.563597,PBQx-TF,
7,64_34_52,14.498870,D18,
7,32_24_64,14.461577,D18,
7,26_34_64,14.328219,D18,
7,26_31_28,13.390681,D18,
7,26_47_64,12.741663,D18,
7,28_30_34,12.629893,PBB-F,
8,64_51_64,16.096771,D18,
8,64_51_64,16.096771,D18,
8,64_51_64,16.096771,D18,
8,64_133_29,15.753433,D18,
8,26_51_64,15.682137,D18,
8,64_34_64,15.592783,D18,
8,64_51_46,15.550431,D18,
8,64_133_64,15.542807,D18,
8,64_133_64,15.542807,D18,
8,28_133_28,15.513629,D18,
8,28_24_64,15.451507,D18,
8,57_34_34,15.447679,PBQx-TF,
8,64_133_34,15.433553,D18,
8,64_133_4,15.424981,D18,
8,28_34_28,15.416802,PBQx-TF,
8,64_34_34,15.415621,PBQx-TF,
8,64_133_39,15.397912,D18,
8,64_133_31,15.360595,D18,
8,28_133_39,15.308733,PBQx-TF,
8,26_133_64,15.295705,D18,
8,64_24_64,15.291687,D18,
8,64_34_29,15.249109,D18,
8,64_133_15,15.194758,D18,
8,28_133_31,15.043865,D18,
8,64_51_14,15.015552,D18,
8,64_51_50,14.787655,D18,
8,64_34_31,14.753122,D18,
8,57_34_64,14.747414,PBQx-TF,
8,64_51_48,14.619749,D18,
8,64_34_15,14.619531,D18,
8,64_133_13,14.442571,D18,
8,57_3_39,12.565197,D18,
9,64_51_0,16.352097,D18,
9,64_51_64,16.096771,D18,
9,64_51_64,16.096771,D18,
9,64_51_64,16.096771,D18,
9,64_133_28,15.845322,D18,
9,64_51_28,15.834367,D18,
9,64_133_29,15.753433,D18,
9,64_2_28,15.728609,D18,
9,26_51_64,15.682137,D18,
9,64_34_64,15.592783,D18,
9,64_51_46,15.550431,D18,
9,64_133_64,15.542807,D18,
9,64_133_64,15.542807,D18,
9,28_133_28,15.513629,D18,
9,28_24_64,15.451507,D18,
9,57_34_34,15.447679,PBQx-TF,
9,64_133_34,15.433553,D18,
9,64_133_4,15.424981,D18,
9,28_34_28,15.416802,PBQx-TF,
9,64_34_34,15.415621,PBQx-TF,
9,64_135_64,15.399322,D18,
9,64_127_64,15.380155,D18,
9,64_133_46,15.314045,D18,
9,64_24_64,15.291687,D18,
9,64_34_29,15.249109,D18,
9,64_133_3,15.222876,D18,
9,64_34_58,15.080878,D18,
9,64_51_36,14.710682,D18,
9,57_34_4,14.636385,PBQx-TF,
9,64_67_34,13.522020,PBQx-TF,
9,64_29_29,13.089966,PBQx-TF,
9,64_58_64,13.000253,PBB-F,
10,64_51_0,16.352097,D18,
10,64_51_9,16.180554,D18,
10,64_51_64,16.096771,D18,
10,64_51_64,16.096771,D18,
10,64_51_64,16.096771,D18,
10,64_133_28,15.845322,D18,
10,64_51_28,15.834367,D18,
10,64_51_29,15.820432,D18,
10,64_133_29,15.753433,D18,
10,64_2_28,15.728609,D18,
10,26_51_64,15.682137,D18,
10,64_34_64,15.592783,D18,
10,64_51_46,15.550431,D18,
10,64_133_64,15.542807,D18,
10,64_133_64,15.542807,D18,
10,28_133_28,15.513629,D18,
10,28_51_2,15.482149,PBQx-TF,
10,28_24_64,15.451507,D18,
10,57_34_34,15.447679,PBQx-TF,
10,64_34_34,15.415621,PBQx-TF,
10,64_133_46,15.314045,D18,
10,64_24_64,15.291687,D18,
10,5_133_64,15.143130,D18,
10,64_34_46,15.076064,PBQx-TF,
10,30_51_29,15.043540,PBQx-TF,
10,57_133_34,15.008154,D18,
10,64_51_42,14.791269,D18,
10,28_133_7,14.575243,PBQx-TF,
10,64_2_50,14.199561,PBQx-TF,
10,64_29_29,13.089966,PBQx-TF,
10,64_28_28,12.727032,D18,
10,57_45_64,12.322138,P1_yang,
11,64_51_0,16.352097,D18,
11,64_51_9,16.180554,D18,
11,64_51_64,16.096771,D18,
11,64_51_64,16.096771,D18,
11,64_51_64,16.096771,D18,
11,28_51_28,15.973630,D18,
11,28_51_28,15.973630,D18,
11,64_133_28,15.845322,D18,
11,64_51_28,15.834367,D18,
11,64_2_64,15.827324,D18,
11,64_51_29,15.820432,D18,
11,64_133_29,15.753433,D18,
11,64_133_0,15.736178,D18,
11,64_2_28,15.728609,D18,
11,64_51_57,15.687828,D18,
11,26_51_64,15.682137,D18,
11,64_34_64,15.592783,D18,
11,64_133_9,15.574363,D18,
11,64_51_46,15.550431,D18,
11,64_51_25,15.546923,D18,
11,64_51_3,15.543741,D18,
11,64_133_64,15.542807,D18,
11,64_133_64,15.542807,D18,
11,28_133_28,15.513629,D18,
11,64_51_23,15.419355,D18,
11,64_34_28,15.311568,D18,
11,64_2_49,15.232976,D18,
11,64_51_40,14.823869,PBQx-TF,
11,30_51_28,14.822468,D18,
11,64_133_59,14.646469,D18,
11,64_28_28,12.727032,D18,
11,64_75_28,12.695094,D18,
12,64_51_0,16.352097,D18,
12,64_51_9,16.180554,D18,
12,64_51_64,16.096771,D18,
12,64_51_64,16.096771,D18,
12,64_51_64,16.096771,D18,
12,28_51_28,15.973630,D18,
12,28_51_28,15.973630,D18,
12,64_133_28,15.845322,D18,
12,64_115_0,15.836132,D18,
12,64_51_28,15.834367,D18,
12,64_2_64,15.827324,D18,
12,64_51_29,15.820432,D18,
12,64_2_12,15.814375,D18,
12,64_133_29,15.753433,D18,
12,64_133_0,15.736178,D18,
12,64_2_28,15.728609,D18,
12,64_51_57,15.687828,D18,
12,26_51_64,15.682137,D18,
12,64_51_25,15.546923,D18,
12,64_133_64,15.542807,D18,
12,28_133_28,15.513629,D18,
12,64_2_57,15.244415,D18,
12,46_51_9,15.078326,PBQx-TF,
12,59_51_9,15.068459,D18,
12,64_51_60,14.966421,D18,
12,26_51_50,14.918307,PBQx-TF,
12,28_51_59,14.704515,D18,
12,40_133_29,14.674281,D18,
12,26_51_26,14.472978,D18,
12,64_0_0,14.405002,D18,
12,64_93_64,12.960655,D18,
12,64_50_64,12.348051,D18,
13,64_51_0,16.352097,D18,
13,64_51_9,16.180554,D18,
13,64_51_64,16.096771,D18,
13,64_51_64,16.096771,D18,
13,64_51_64,16.096771,D18,
13,28_51_28,15.973630,D18,
13,28_51_28,15.973630,D18,
13,64_133_28,15.845322,D18,
13,64_115_0,15.836132,D18,
13,64_51_28,15.834367,D18,
13,64_2_64,15.827324,D18,
13,64_51_29,15.820432,D18,
13,64_2_12,15.814375,D18,
13,64_133_29,15.753433,D18,
13,64_133_0,15.736178,D18,
13,64_2_28,15.728609,D18,
13,64_133_64,15.542807,D18,
13,64_133_64,15.542807,D18,
13,28_133_28,15.513629,D18,
13,28_51_9,15.458038,D18,
13,64_51_12,15.436568,D18,
13,64_26_28,15.116475,D18,
13,2_2_64,15.096144,PBQx-TF,
13,28_51_18,14.950862,D18,
13,52_51_29,14.745854,PBQx-TF,
13,64_0_0,14.405002,D18,
13,64_12_12,13.255265,D18,
13,64_29_29,13.089966,PBQx-TF,
13,64_9_64,12.784800,PBB-F,
13,64_28_28,12.727032,D18,
13,28_16_28,12.457591,PBQx-TF,
13,64_46_64,12.425446,PBB-F,
14,64_51_0,16.352097,D18,
14,64_51_9,16.180554,D18,
14,64_51_64,16.096771,D18,
14,64_51_64,16.096771,D18,
14,64_51_64,16.096771,D18,
14,28_51_28,15.973630,D18,
14,28_51_28,15.973630,D18,
14,64_133_28,15.845322,D18,
14,64_115_0,15.836132,D18,
14,64_51_28,15.834367,D18,
14,64_2_64,15.827324,D18,
14,64_51_29,15.820432,D18,
14,64_2_12,15.814375,D18,
14,64_133_29,15.753433,D18,
14,64_133_0,15.736178,D18,
14,64_2_28,15.728609,D18,
14,64_2_0,15.701750,D18,
14,64_2_0,15.701750,D18,
14,28_51_0,15.689542,D18,
14,28_51_64,15.681262,D18,
14,64_133_64,15.542807,D18,
14,28_133_28,15.513629,D18,
14,65_51_64,15.473281,D18,
14,28_133_0,15.392923,D18,
14,64_78_9,15.282022,D18,
14,64_115_55,15.058493,PBQx-TF,
14,28_51_16,14.531979,D18,
14,64_64_28,13.812406,D18,
14,64_68_28,13.575004,PBQx-TF,
14,64_9_9,12.806935,D18,
14,64_28_28,12.727032,D18,
14,64_28_28,12.727032,D18,
15,64_51_0,16.352097,D18,
15,64_51_9,16.180554,D18,
15,66_51_0,16.110812,D18,
15,64_51_64,16.096771,D18,
15,64_51_64,16.096771,D18,
15,64_51_64,16.096771,D18,
15,28_51_28,15.973630,D18,
15,28_51_28,15.973630,D18,
15,64_133_28,15.845322,D18,
15,64_115_0,15.836132,D18,
15,64_51_28,15.834367,D18,
15,64_2_64,15.827324,D18,
15,64_51_29,15.820432,D18,
15,64_2_12,15.814375,D18,
15,64_133_29,15.753433,D18,
15,64_51_39,15.749982,D18,
15,64_133_0,15.736178,D18,
15,64_2_28,15.728609,D18,
15,28_51_64,15.681262,D18,
15,28_51_64,15.681262,D18,
15,28_115_0,15.553890,D18,
15,64_133_64,15.542807,D18,
15,64_133_64,15.542807,D18,
15,64_133_64,15.542807,D18,
15,64_51_12,15.436568,D18,
15,64_115_9,15.290786,D18,
15,28_51_1,15.100874,D18,
15,64_118_28,14.928539,PBQx-TF,
15,64_0_0,14.405002,D18,
15,28_0_28,14.098260,D18,
15,64_28_28,12.727032,D18,
15,64_91_28,12.589274,D18,
16,64_51_0,16.352097,D18,
16,64_51_9,16.180554,D18,
16,66_51_0,16.110812,D18,
16,64_51_64,16.096771,D18,
16,64_51_64,16.096771,D18,
16,64_51_64,16.096771,D18,
16,28_51_28,15.973630,D18,
16,28_51_28,15.973630,D18,
16,64_133_28,15.845322,D18,
16,64_115_0,15.836132,D18,
16,64_51_28,15.834367,D18,
16,64_2_64,15.827324,D18,
16,64_51_29,15.820432,D18,
16,64_2_12,15.814375,D18,
16,64_133_29,15.753433,D18,
16,64_51_39,15.749982,D18,
16,64_2_25,15.711611,D18,
16,64_115_12,15.425581,PBQx-TF,
16,64_51_8,15.365814,D18,
16,64_2_9,15.205370,D18,
16,64_51_40,14.823869,PBQx-TF,
16,64_51_10,14.749627,PBQx-TF,
16,64_133_53,14.650469,PBQx-TF,
16,64_0_0,14.405002,D18,
16,64_51_21,14.250075,PBQx-TF,
16,64_2_21,13.973278,D18,
16,66_39_39,13.663920,D18,
16,64_39_39,13.422430,PBB-F,
16,64_99_29,13.115893,D18,
16,64_74_29,13.032774,D18,
16,64_28_28,12.727032,D18,
16,64_27_64,12.542265,PBB-F,
17,64_51_0,16.352097,D18,
17,64_51_9,16.180554,D18,
17,66_51_0,16.110812,D18,
17,64_51_64,16.096771,D18,
17,64_51_64,16.096771,D18,
17,64_51_64,16.096771,D18,
17,28_51_28,15.973630,D18,
17,28_51_28,15.973630,D18,
17,64_2_61,15.854116,PBDB-TF,
17,64_133_28,15.845322,D18,
17,64_115_0,15.836132,D18,
17,64_51_28,15.834367,D18,
17,64_2_64,15.827324,D18,
17,28_51_25,15.820620,D18,
17,64_51_29,15.820432,D18,
17,64_2_12,15.814375,D18,
17,64_51_63,15.789256,D18,
17,64_133_29,15.753433,D18,
17,64_51_39,15.749982,D18,
17,66_2_0,15.706357,D18,
17,64_51_62,15.641187,D18,
17,28_51_29,15.619077,D18,
17,41_51_64,15.408227,D18,
17,64_51_18,15.375910,D18,
17,64_115_9,15.290786,D18,
17,64_133_1,15.215654,D18,
17,28_51_57,15.113529,D18,
17,51_51_64,15.050496,D18,
17,64_2_58,14.540767,D18,
17,64_92_9,14.119947,D18,
17,64_28_28,12.727032,D18,
17,64_128_28,12.432749,D18,
18,64_51_0,16.352097,D18,
18,64_51_9,16.180554,D18,
18,66_51_0,16.110812,D18,
18,64_51_64,16.096771,D18,
18,64_51_64,16.096771,D18,
18,64_51_64,16.096771,D18,
18,64_51_61,15.978183,D18,
18,64_51_61,15.978183,D18,
18,28_51_28,15.973630,D18,
18,28_51_28,15.973630,D18,
18,64_2_61,15.854116,PBDB-TF,
18,64_133_28,15.845322,D18,
18,64_115_0,15.836132,D18,
18,64_51_28,15.834367,D18,
18,64_2_64,15.827324,D18,
18,28_51_25,15.820620,D18,
18,64_51_29,15.820432,D18,
18,64_2_12,15.814375,D18,
18,28_2_64,15.750660,D18,
18,28_2_54,15.567652,D18,
18,64_51_46,15.550431,D18,
18,64_51_25,15.546923,D18,
18,64_133_64,15.542807,D18,
18,28_51_24,15.051551,PBQx-TF,
18,64_115_29,15.045398,D18,
18,64_51_14,15.015552,D18,
18,64_133_36,14.845646,D18,
18,24_2_12,14.785263,PBQx-TF,
18,14_2_64,14.669256,PBQx-TF,
18,64_28_28,12.727032,D18,
18,64_28_28,12.727032,D18,
18,64_17_64,12.656800,D18,
19,64_51_0,16.352097,D18,
19,64_51_9,16.180554,D18,
19,66_51_61,16.150462,D18,
19,66_51_28,16.128192,D18,
19,66_51_0,16.110812,D18,
19,64_51_64,16.096771,D18,
19,64_51_64,16.096771,D18,
19,64_51_64,16.096771,D18,
19,64_51_61,15.978183,D18,
19,64_51_61,15.978183,D18,
19,28_51_28,15.973630,D18,
19,28_51_28,15.973630,D18,
19,64_2_61,15.854116,PBDB-TF,
19,64_133_28,15.845322,D18,
19,64_115_0,15.836132,D18,
19,64_51_28,15.834367,D18,
19,64_2_64,15.827324,D18,
19,28_51_25,15.820620,D18,
19,28_2_64,15.750660,D18,
19,64_2_0,15.701750,D18,
19,28_51_64,15.681262,D18,
19,64_51_49,15.647125,D18,
19,64_51_25,15.546923,D18,
19,64_51_25,15.546923,D18,
19,64_2_29,15.530093,D18,
19,28_2_61,15.349925,D18,
19,38_51_28,14.971178,PBQx-TF,
19,64_51_53,14.669468,PBQx-TF,
19,64_0_0,14.405002,D18,
19,28_125_25,14.056250,PBQx-TF,
19,64_61_61,13.007319,PBB-F,
19,64_98_28,12.393774,PBTA-PSF,
20,64_51_0,16.352097,D18,
20,64_51_9,16.180554,D18,
20,66_51_61,16.150462,D18,
20,66_51_28,16.128192,D18,
20,66_51_0,16.110812,D18,
20,64_51_64,16.096771,D18,
20,64_51_64,16.096771,D18,
20,64_51_64,16.096771,D18,
20,64_51_61,15.978183,D18,
20,64_51_61,15.978183,D18,
20,28_51_28,15.973630,D18,
20,28_51_28,15.973630,D18,
20,64_2_61,15.854116,PBDB-TF,
20,64_133_28,15.845322,D18,
20,64_115_0,15.836132,D18,
20,64_51_28,15.834367,D18,
20,64_2_64,15.827324,D18,
20,64_133_0,15.736178,D18,
20,28_51_0,15.689542,D18,
20,66_51_66,15.591469,D18,
20,64_51_46,15.550431,D18,
20,2_51_0,15.411816,D18,
20,28_51_41,15.364483,D18,
20,28_115_28,15.251465,D18,
20,64_115_3,15.148791,PBQx-TF,
20,55_51_0,14.916207,D18,
20,31_51_28,14.746338,PBQx-TF,
20,64_0_0,14.405002,D18,
20,66_51_53,14.326973,D18,
20,66_29_28,13.071464,D18,
20,64_61_61,13.007319,PBB-F,
20,28_9_9,12.593668,D18,
21,64_51_0,16.352097,D18,
21,64_51_9,16.180554,D18,
21,66_51_61,16.150462,D18,
21,66_51_28,16.128192,D18,
21,66_51_0,16.110812,D18,
21,64_51_64,16.096771,D18,
21,64_51_64,16.096771,D18,
21,64_51_64,16.096771,D18,
21,66_51_34,16.038354,D18,
21,64_51_61,15.978183,D18,
21,64_51_61,15.978183,D18,
21,28_51_28,15.973630,D18,
21,28_51_28,15.973630,D18,
21,64_51_33,15.939521,D18,
21,66_51_57,15.859643,D18,
21,64_2_61,15.854116,PBDB-TF,
21,64_133_28,15.845322,D18,
21,64_115_0,15.836132,D18,
21,64_51_28,15.834367,D18,
21,28_51_61,15.752956,D18,
21,44_51_61,15.712927,D18,
21,28_51_64,15.681262,D18,
21,64_115_28,15.593926,D18,
21,28_133_28,15.513629,D18,
21,64_133_61,15.510781,D18,
21,15_51_0,15.467288,D18,
21,64_108_9,15.314423,D18,
21,64_2_47,15.222926,D18,
21,22_51_61,14.998753,D18,
21,64_68_0,13.754676,D18,
21,66_28_28,12.833492,D18,
21,64_28_28,12.727032,D18,
22,64_51_0,16.352097,D18,
22,64_51_9,16.180554,D18,
22,66_51_61,16.150462,D18,
22,66_51_28,16.128192,D18,
22,66_51_0,16.110812,D18,
22,64_51_64,16.096771,D18,
22,64_51_64,16.096771,D18,
22,64_51_64,16.096771,D18,
22,9_51_0,16.043710,D18,
22,66_51_34,16.038354,D18,
22,64_51_61,15.978183,D18,
22,64_51_61,15.978183,D18,
22,28_51_28,15.973630,D18,
22,28_51_28,15.973630,D18,
22,64_51_33,15.939521,D18,
22,66_51_57,15.859643,D18,
22,64_2_61,15.854116,PBDB-TF,
22,64_51_28,15.834367,D18,
22,64_2_64,15.827324,D18,
22,64_2_54,15.671093,D18,
22,66_51_66,15.591469,D18,
22,64_34_34,15.415621,PBQx-TF,
22,66_126_61,15.358710,D18,
22,28_51_60,15.341812,D18,
22,24_51_28,15.333789,D18,
22,64_2_9,15.205370,D18,
22,66_51_39,15.184796,D18,
22,64_51_10,14.749627,PBQx-TF,
22,16_51_9,14.645397,D18,
22,66_0_0,14.105716,D18,
22,64_9_9,12.806935,D18,
22,28_61_61,12.763905,PBB-F,
23,64_51_0,16.352097,D18,
23,61_51_0,16.240479,PBDB-TF,
23,64_51_9,16.180554,D18,
23,66_51_61,16.150462,D18,
23,66_51_28,16.128192,D18,
23,66_51_0,16.110812,D18,
23,64_51_64,16.096771,D18,
23,64_51_64,16.096771,D18,
23,64_51_64,16.096771,D18,
23,9_51_0,16.043710,D18,
23,66_51_34,16.038354,D18,
23,64_51_61,15.978183,D18,
23,64_51_61,15.978183,D18,
23,28_51_28,15.973630,D18,
23,28_51_28,15.973630,D18,
23,15_51_61,15.963937,D18,
23,64_51_33,15.939521,D18,
23,66_51_33,15.902925,D18,
23,66_51_33,15.902925,D18,
23,66_51_57,15.859643,D18,
23,64_51_28,15.834367,D18,
23,64_51_1,15.804270,D18,
23,64_51_1,15.804270,D18,
23,28_51_0,15.689542,D18,
23,66_51_66,15.591469,D18,
23,66_51_66,15.591469,D18,
23,66_51_66,15.591469,D18,
23,28_34_28,15.416802,PBQx-TF,
23,9_51_9,15.342290,D18,
23,28_34_34,15.241686,PBQx-TF,
23,37_51_57,15.102996,D18,
23,66_109_0,13.177147,D18,
24,64_51_0,16.352097,D18,
24,61_51_0,16.240479,PBDB-TF,
24,64_51_9,16.180554,D18,
24,66_51_61,16.150462,D18,
24,66_51_28,16.128192,D18,
24,66_51_0,16.110812,D18,
24,64_51_64,16.096771,D18,
24,64_51_64,16.096771,D18,
24,64_51_64,16.096771,D18,
24,9_51_0,16.043710,D18,
24,9_51_61,16.043082,D18,
24,66_51_34,16.038354,D18,
24,9_51_64,15.989156,D18,
24,64_51_61,15.978183,D18,
24,64_51_61,15.978183,D18,
24,28_51_28,15.973630,D18,
24,28_51_28,15.973630,D18,
24,15_51_61,15.963937,D18,
24,28_51_56,15.863774,D18,
24,64_51_28,15.834367,D18,
24,28_51_61,15.752956,D18,
24,28_51_61,15.752956,D18,
24,64_51_34,15.560123,D18,
24,28_51_9,15.458038,D18,
24,61_51_28,15.425451,D18,
24,39_51_28,15.422320,PBQx-TF,
24,64_51_55,15.104293,D18,
24,15_51_15,14.924688,PBQx-TF,
24,15_51_9,14.505534,PBQx-TF,
24,66_64_64,13.647881,D18,
24,15_61_61,13.022227,D18,
24,64_61_61,13.007319,PBB-F,
25,64_51_0,16.352097,D18,
25,61_51_0,16.240479,PBDB-TF,
25,64_51_9,16.180554,D18,
25,66_51_61,16.150462,D18,
25,66_51_28,16.128192,D18,
25,66_51_0,16.110812,D18,
25,64_51_64,16.096771,D18,
25,64_51_64,16.096771,D18,
25,64_51_64,16.096771,D18,
25,9_51_0,16.043710,D18,
25,9_51_61,16.043082,D18,
25,66_51_34,16.038354,D18,
25,66_51_64,15.994503,D18,
25,66_51_64,15.994503,D18,
25,9_51_64,15.989156,D18,
25,9_51_62,15.984315,D18,
25,64_51_61,15.978183,D18,
25,64_51_61,15.978183,D18,
25,28_51_28,15.973630,D18,
25,61_51_64,15.864427,D18,
25,64_51_26,15.651149,D18,
25,51_51_61,15.595175,D18,
25,66_51_66,15.591469,D18,
25,64_51_34,15.560123,D18,
25,9_51_9,15.342290,D18,
25,9_51_34,15.056507,D18,
25,42_51_0,14.674347,D18,
25,28_51_53,14.227870,D18,
25,64_121_0,13.243869,D18,
25,66_82_61,13.176251,D18,
25,9_110_0,12.882756,D18,
25,9_129_0,12.686127,D18,
26,64_51_0,16.352097,D18,
26,61_51_0,16.240479,PBDB-TF,
26,64_51_9,16.180554,D18,
26,66_51_61,16.150462,D18,
26,66_51_28,16.128192,D18,
26,66_51_0,16.110812,D18,
26,64_51_64,16.096771,D18,
26,64_51_64,16.096771,D18,
26,64_51_64,16.096771,D18,
26,9_51_0,16.043710,D18,
26,9_51_61,16.043082,D18,
26,66_51_34,16.038354,D18,
26,66_51_64,15.994503,D18,
26,66_51_64,15.994503,D18,
26,9_51_64,15.989156,D18,
26,9_51_62,15.984315,D18,
26,64_51_62,15.641187,D18,
26,64_51_62,15.641187,D18,
26,66_51_66,15.591469,D18,
26,66_51_66,15.591469,D18,
26,66_51_66,15.591469,D18,
26,66_51_66,15.591469,D18,
26,64_51_34,15.560123,D18,
26,61_51_49,15.536698,D18,
26,66_51_24,15.531627,PBQx-TF,
26,66_135_62,15.500714,D18,
26,66_34_34,15.416383,PBQx-TF,
26,9_51_9,15.342290,D18,
26,9_51_9,15.342290,D18,
26,66_51_9,15.324890,D18,
26,66_136_64,13.675073,D18,
26,66_41_61,12.714711,D18,
27,64_51_0,16.352097,D18,
27,61_51_0,16.240479,PBDB-TF,
27,64_51_9,16.180554,D18,
27,66_51_61,16.150462,D18,
27,66_51_28,16.128192,D18,
27,66_51_0,16.110812,D18,
27,61_51_34,16.099401,D18,
27,64_51_64,16.096771,D18,
27,64_51_64,16.096771,D18,
27,64_51_64,16.096771,D18,
27,9_51_0,16.043710,D18,
27,9_51_61,16.043082,D18,
27,66_51_34,16.038354,D18,
27,66_51_64,15.994503,D18,
27,66_51_64,15.994503,D18,
27,9_51_64,15.989156,D18,
27,9_51_62,15.984315,D18,
27,64_51_61,15.978183,D18,
27,64_51_61,15.978183,D18,
27,61_51_2,15.902485,D18,
27,66_51_66,15.591469,D18,
27,66_51_66,15.591469,D18,
27,66_51_66,15.591469,D18,
27,9_51_9,15.342290,D18,
27,9_51_9,15.342290,D18,
27,24_51_9,14.941643,D18,
27,66_0_0,14.105716,D18,
27,9_12_0,13.505631,D18,
27,66_121_0,13.413491,D18,
27,66_98_64,13.145456,D18,
27,66_61_61,12.947336,PBB-F,
27,9_28_62,12.696720,D18,
28,64_51_0,16.352097,D18,
28,61_51_0,16.240479,PBDB-TF,
28,64_51_9,16.180554,D18,
28,66_51_61,16.150462,D18,
28,66_51_28,16.128192,D18,
28,66_51_0,16.110812,D18,
28,61_51_34,16.099401,D18,
28,64_51_64,16.096771,D18,
28,64_51_64,16.096771,D18,
28,64_51_64,16.096771,D18,
28,9_51_0,16.043710,D18,
28,9_51_61,16.043082,D18,
28,66_51_34,16.038354,D18,
28,66_51_64,15.994503,D18,
28,66_51_64,15.994503,D18,
28,9_51_64,15.989156,D18,
28,9_51_62,15.984315,D18,
28,61_51_64,15.864427,D18,
28,64_51_29,15.820432,D18,
28,66_51_11,15.783838,D18,
28,66_51_66,15.591469,D18,
28,61_51_28,15.425451,D18,
28,30_51_9,15.413979,D18,
28,9_51_9,15.342290,D18,
28,64_51_30,15.161877,D18,
28,17_51_0,15.109739,D18,
28,64_51_22,15.071015,D18,
28,61_34_34,14.879566,D18,
28,64_51_7,14.874021,PBQx-TF,
28,64_101_9,13.649604,PBQx-TF,
28,66_64_64,13.647881,D18,
28,9_61_61,12.801898,PBB-F,
29,64_51_0,16.352097,D18,
29,61_51_0,16.240479,PBDB-TF,
29,64_51_9,16.180554,D18,
29,66_51_61,16.150462,D18,
29,66_51_28,16.128192,D18,
29,66_51_0,16.110812,D18,
29,61_51_34,16.099401,D18,
29,64_51_64,16.096771,D18,
29,64_51_64,16.096771,D18,
29,64_51_64,16.096771,D18,
29,9_51_0,16.043710,D18,
29,9_51_61,16.043082,D18,
29,66_51_34,16.038354,D18,
29,66_51_64,15.994503,D18,
29,66_51_64,15.994503,D18,
29,9_51_64,15.989156,D18,
29,61_51_65,15.944172,D18,
29,66_51_66,15.591469,D18,
29,66_51_66,15.591469,D18,
29,27_51_34,15.372667,PBQx-TF,
29,9_51_9,15.342290,D18,
29,9_51_9,15.342290,D18,
29,66_51_9,15.324890,D18,
29,15_51_64,15.275736,D18,
29,64_51_22,15.071015,D18,
29,9_51_7,14.932337,PBQx-TF,
29,64_51_44,14.932010,D18,
29,61_51_13,14.606786,D18,
29,9_37_61,13.545805,D18,
29,61_122_61,13.093196,D18,
29,61_11_34,13.050561,D18,
29,66_87_28,12.741659,D18,
30,64_51_0,16.352097,D18,
30,61_51_0,16.240479,PBDB-TF,
30,64_51_9,16.180554,D18,
30,66_51_61,16.150462,D18,
30,66_51_28,16.128192,D18,
30,66_51_0,16.110812,D18,
30,61_51_34,16.099401,D18,
30,64_51_64,16.096771,D18,
30,64_51_64,16.096771,D18,
30,64_51_64,16.096771,D18,
30,9_51_0,16.043710,D18,
30,9_51_61,16.043082,D18,
30,66_51_34,16.038354,D18,
30,66_51_64,15.994503,D18,
30,66_51_64,15.994503,D18,
30,9_51_64,15.989156,D18,
30,64_51_61,15.978183,D18,
30,61_51_64,15.864427,D18,
30,66_51_30,15.756245,D18,
30,66_51_66,15.591469,D18,
30,66_51_5,15.551784,D18,
30,64_51_25,15.546923,D18,
30,64_51_68,15.527714,D18,
30,9_51_9,15.342290,D18,
30,9_51_9,15.342290,D18,
30,64_51_58,15.318493,D18,
30,66_51_58,15.075585,D18,
30,53_51_0,14.837044,PBQx-TF,
30,61_0_0,14.146453,D18,
30,9_51_48,14.124459,PBQx-TF,
30,64_9_9,12.806935,D18,
30,64_28_28,12.727032,D18,
31,64_51_0,16.352097,D18,
31,61_51_0,16.240479,PBDB-TF,
31,64_51_9,16.180554,D18,
31,66_51_56,16.161964,D18,
31,66_51_61,16.150462,D18,
31,66_51_28,16.128192,D18,
31,66_51_0,16.110812,D18,
31,61_51_34,16.099401,D18,
31,64_51_64,16.096771,D18,
31,64_51_64,16.096771,D18,
31,64_51_64,16.096771,D18,
31,9_51_0,16.043710,D18,
31,9_51_61,16.043082,D18,
31,66_51_34,16.038354,D18,
31,66_51_64,15.994503,D18,
31,66_51_64,15.994503,D18,
31,9_51_64,15.989156,D18,
31,64_51_28,15.834367,D18,
31,59_51_61,15.814687,D18,
31,61_51_61,15.656759,D18,
31,66_51_66,15.591469,D18,
31,66_51_66,15.591469,D18,
31,61_51_60,15.575999,D18,
31,64_51_38,15.425315,D18,
31,66_34_34,15.416383,PBQx-TF,
31,64_51_8,15.365814,D18,
31,15_51_64,15.275736,D18,
31,9_51_13,14.497014,PBQx-TF,
31,61_0_0,14.146453,D18,
31,66_64_64,13.647881,D18,
31,9_39_64,13.231394,D18,
31,9_61_61,12.801898,PBB-F,
32,64_51_0,16.352097,D18,
32,61_51_0,16.240479,PBDB-TF,
32,64_51_9,16.180554,D18,
32,66_51_56,16.161964,D18,
32,66_51_61,16.150462,D18,
32,66_51_28,16.128192,D18,
32,66_51_0,16.110812,D18,
32,61_51_34,16.099401,D18,
32,64_51_64,16.096771,D18,
32,64_51_64,16.096771,D18,
32,64_51_64,16.096771,D18,
32,9_51_0,16.043710,D18,
32,9_51_61,16.043082,D18,
32,66_51_34,16.038354,D18,
32,66_51_64,15.994503,D18,
32,66_51_64,15.994503,D18,
32,64_51_61,15.978183,D18,
32,64_51_39,15.749982,D18,
32,61_51_61,15.656759,D18,
32,64_51_62,15.641187,D18,
32,64_115_28,15.593926,D18,
32,66_51_66,15.591469,D18,
32,64_51_34,15.560123,D18,
32,66_34_34,15.416383,PBQx-TF,
32,66_51_18,15.313453,D18,
32,64_51_42,14.791269,D18,
32,64_51_50,14.787655,D18,
32,61_0_0,14.146453,D18,
32,66_0_0,14.105716,D18,
32,64_99_34,13.031722,D18,
32,61_137_34,12.894276,PBB-F,
32,64_9_9,12.806935,D18,
33,64_51_0,16.352097,D18,
33,61_51_0,16.240479,PBDB-TF,
33,64_51_9,16.180554,D18,
33,66_51_56,16.161964,D18,
33,66_51_61,16.150462,D18,
33,66_51_28,16.128192,D18,
33,66_51_0,16.110812,D18,
33,61_51_34,16.099401,D18,
33,64_51_64,16.096771,D18,
33,64_51_64,16.096771,D18,
33,64_51_64,16.096771,D18,
33,9_51_0,16.043710,D18,
33,9_51_61,16.043082,D18,
33,66_51_34,16.038354,D18,
33,66_51_64,15.994503,D18,
33,66_51_64,15.994503,D18,
33,9_51_64,15.989156,D18,
33,66_51_46,15.889096,D18,
33,61_51_64,15.864427,D18,
33,61_51_64,15.864427,D18,
33,64_51_26,15.651149,D18,
33,64_51_6,15.632830,D18,
33,66_51_66,15.591469,D18,
33,9_51_28,15.437281,D18,
33,64_34_34,15.415621,PBQx-TF,
33,9_51_9,15.342290,D18,
33,44_51_64,15.236111,D18,
33,32_51_61,15.093800,D18,
33,52_51_64,14.805952,PBQx-TF,
33,64_0_0,14.405002,D18,
33,66_0_0,14.105716,D18,
33,66_61_61,12.947336,PBB-F,
34,64_51_0,16.352097,D18,
34,61_51_0,16.240479,PBDB-TF,
34,64_51_9,16.180554,D18,
34,66_51_56,16.161964,D18,
34,66_51_61,16.150462,D18,
34,66_51_28,16.128192,D18,
34,66_51_0,16.110812,D18,
34,61_51_34,16.099401,D18,
34,64_51_64,16.096771,D18,
34,64_51_64,16.096771,D18,
34,64_51_64,16.096771,D18,
34,9_51_0,16.043710,D18,
34,9_51_61,16.043082,D18,
34,66_51_34,16.038354,D18,
34,66_51_64,15.994503,D18,
34,66_51_64,15.994503,D18,
34,9_51_12,15.766948,D18,
34,57_51_0,15.762941,D18,
34,58_51_61,15.653026,D18,
34,17_51_64,15.646075,D18,
34,1_51_28,15.394239,D18,
34,9_51_9,15.342290,D18,
34,66_51_9,15.324890,D18,
34,66_51_9,15.324890,D18,
34,66_51_20,14.710468,PBQx-TF,
34,64_0_0,14.405002,D18,
34,61_0_0,14.146453,D18,
34,9_64_64,13.941620,D18,
34,9_64_64,13.941620,D18,
34,66_124_0,13.023493,PBQx-TF,
34,64_28_0,12.751653,D18,
34,66_45_64,12.740453,D18,
35,64_51_0,16.352097,D18,
35,61_51_0,16.240479,PBDB-TF,
35,64_51_9,16.180554,D18,
35,66_51_56,16.161964,D18,
35,66_51_61,16.150462,D18,
35,66_51_28,16.128192,D18,
35,66_51_0,16.110812,D18,
35,61_51_34,16.099401,D18,
35,64_51_64,16.096771,D18,
35,64_51_64,16.096771,D18,
35,64_51_64,16.096771,D18,
35,9_51_0,16.043710,D18,
35,9_51_61,16.043082,D18,
35,66_51_34,16.038354,D18,
35,66_51_64,15.994503,D18,
35,66_51_64,15.994503,D18,
35,66_51_31,15.916229,D18,
35,61_51_64,15.864427,D18,
35,61_51_64,15.864427,D18,
35,27_51_0,15.851372,D18,
35,64_51_56,15.625368,D18,
35,43_51_61,15.607575,D18,
35,66_51_66,15.591469,D18,
35,66_51_66,15.591469,D18,
35,66_51_66,15.591469,D18,
35,64_51_23,15.419355,D18,
35,66_34_34,15.416383,PBQx-TF,
35,61_51_43,15.372919,D18,
35,9_51_9,15.342290,D18,
35,66_51_7,14.941482,PBQx-TF,
35,61_0_0,14.146453,D18,
35,66_0_0,14.105716,D18,
36,64_51_0,16.352097,D18,
36,61_51_0,16.240479,PBDB-TF,
36,64_51_9,16.180554,D18,
36,66_51_56,16.161964,D18,
36,66_51_61,16.150462,D18,
36,66_51_28,16.128192,D18,
36,66_51_0,16.110812,D18,
36,61_51_34,16.099401,D18,
36,64_51_64,16.096771,D18,
36,64_51_64,16.096771,D18,
36,64_51_64,16.096771,D18,
36,9_51_0,16.043710,D18,
36,9_51_61,16.043082,D18,
36,66_51_34,16.038354,D18,
36,66_51_64,15.994503,D18,
36,66_51_64,15.994503,D18,
36,9_51_64,15.989156,D18,
36,64_51_61,15.978183,D18,
36,64_51_61,15.978183,D18,
36,27_51_64,15.703363,D18,
36,64_51_56,15.625368,D18,
36,66_51_66,15.591469,D18,
36,66_51_66,15.591469,D18,
36,66_51_66,15.591469,D18,
36,9_51_56,15.549605,D18,
36,66_51_35,15.482059,PBQx-TF,
36,64_51_23,15.419355,D18,
36,64_51_45,15.333076,PBQx-TF,
36,19_51_61,15.281032,D18,
36,9_51_34,15.056507,D18,
36,66_0_0,14.105716,D18,
36,66_28_28,12.833492,D18,
37,64_51_0,16.352097,D18,
37,61_51_0,16.240479,PBDB-TF,
37,64_51_9,16.180554,D18,
37,66_51_56,16.161964,D18,
37,66_51_61,16.150462,D18,
37,66_51_28,16.128192,D18,
37,66_51_0,16.110812,D18,
37,61_51_34,16.099401,D18,
37,64_51_64,16.096771,D18,
37,64_51_64,16.096771,D18,
37,64_51_64,16.096771,D18,
37,9_51_0,16.043710,D18,
37,9_51_61,16.043082,D18,
37,66_51_34,16.038354,D18,
37,66_51_64,15.994503,D18,
37,66_51_64,15.994503,D18,
37,61_51_64,15.864427,D18,
37,61_51_64,15.864427,D18,
37,64_51_28,15.834367,D18,
37,61_51_61,15.656759,D18,
37,64_51_26,15.651149,D18,
37,66_51_66,15.591469,D18,
37,66_51_66,15.591469,D18,
37,66_51_66,15.591469,D18,
37,61_51_49,15.536698,D18,
37,9_51_9,15.342290,D18,
37,66_51_9,15.324890,D18,
37,9_51_67,15.008171,PBQx-TF,
37,20_51_34,14.300715,D18,
37,64_56_56,13.662360,D18,
37,66_64_64,13.647881,D18,
37,64_116_0,12.720366,PBB-F,
38,64_51_0,16.352097,D18,
38,61_51_0,16.240479,PBDB-TF,
38,64_51_9,16.180554,D18,
38,66_51_56,16.161964,D18,
38,66_51_61,16.150462,D18,
38,66_51_28,16.128192,D18,
38,66_51_0,16.110812,D18,
38,61_51_34,16.099401,D18,
38,64_51_64,16.096771,D18,
38,64_51_64,16.096771,D18,
38,64_51_64,16.096771,D18,
38,9_51_0,16.043710,D18,
38,9_51_61,16.043082,D18,
38,66_51_34,16.038354,D18,
38,66_51_64,15.994503,D18,
38,66_51_64,15.994503,D18,
38,27_51_56,15.985724,D18,
38,64_51_39,15.749982,D18,
38,66_2_0,15.706357,D18,
38,64_51_26,15.651149,D18,
38,64_51_41,15.412907,D18,
38,57_51_61,15.394768,D18,
38,66_51_9,15.324890,D18,
38,47_51_34,15.136026,PBQx-TF,
38,64_51_35,15.041253,PBQx-TF,
38,9_34_34,14.996849,PBQx-TF,
38,36_51_34,14.895192,PBQx-TF,
38,22_51_64,14.833536,D18,
38,64_51_52,14.803019,D18,
38,61_0_0,14.146453,D18,
38,66_0_0,14.105716,D18,
38,66_28_28,12.833492,D18,
39,64_51_0,16.352097,D18,
39,61_51_0,16.240479,PBDB-TF,
39,64_51_9,16.180554,D18,
39,66_51_56,16.161964,D18,
39,66_51_61,16.150462,D18,
39,66_51_28,16.128192,D18,
39,66_51_0,16.110812,D18,
39,66_51_1,16.103363,D18,
39,61_51_34,16.099401,D18,
39,64_51_64,16.096771,D18,
39,64_51_64,16.096771,D18,
39,64_51_64,16.096771,D18,
39,9_51_0,16.043710,D18,
39,9_51_61,16.043082,D18,
39,66_51_34,16.038354,D18,
39,66_51_64,15.994503,D18,
39,66_51_64,15.994503,D18,
39,64_51_61,15.978183,D18,
39,66_51_46,15.889096,D18,
39,61_51_56,15.803044,D18,
39,64_51_63,15.789256,D18,
39,64_51_56,15.625368,D18,
39,56_51_34,15.582315,D18,
39,66_51_9,15.324890,D18,
39,64_51_15,15.118112,D18,
39,64_51_52,14.803019,D18,
39,61_51_13,14.606786,D18,
39,64_0_0,14.405002,D18,
39,66_0_0,14.105716,D18,
39,66_64_64,13.647881,D18,
39,66_9_9,13.201788,D18,
39,66_46_64,12.818695,D18,
40,64_51_0,16.352097,D18,
40,61_51_0,16.240479,PBDB-TF,
40,64_51_9,16.180554,D18,
40,66_51_56,16.161964,D18,
40,66_51_61,16.150462,D18,
40,66_51_28,16.128192,D18,
40,66_51_0,16.110812,D18,
40,66_51_1,16.103363,D18,
40,61_51_34,16.099401,D18,
40,64_51_64,16.096771,D18,
40,64_51_64,16.096771,D18,
40,64_51_64,16.096771,D18,
40,9_51_0,16.043710,D18,
40,9_51_61,16.043082,D18,
40,66_51_34,16.038354,D18,
40,66_51_64,15.994503,D18,
40,64_51_61,15.978183,D18,
40,61_51_64,15.864427,D18,
40,61_51_61,15.656759,D18,
40,66_51_66,15.591469,D18,
40,66_51_66,15.591469,D18,
40,66_51_66,15.591469,D18,
40,64_51_34,15.560123,D18,
40,64_51_34,15.560123,D18,
40,66_51_9,15.324890,D18,
40,66_51_9,15.324890,D18,
40,18_51_28,15.316644,D18,
40,64_51_14,15.015552,D18,
40,61_0_0,14.146453,D18,
40,66_136_28,13.653346,D18,
40,66_28_28,12.833492,D18,
40,9_61_61,12.801898,PBB-F,
41,64_51_0,16.352097,D18,
41,61_51_0,16.240479,PBDB-TF,
41,64_51_9,16.180554,D18,
41,66_51_56,16.161964,D18,
41,66_51_61,16.150462,D18,
41,66_51_28,16.128192,D18,
41,66_51_0,16.110812,D18,
41,66_51_1,16.103363,D18,
41,61_51_34,16.099401,D18,
41,64_51_64,16.096771,D18,
41,64_51_64,16.096771,D18,
41,64_51_64,16.096771,D18,
41,9_51_0,16.043710,D18,
41,9_51_61,16.043082,D18,
41,66_51_34,16.038354,D18,
41,66_51_64,15.994503,D18,
41,61_51_61,15.656759,D18,
41,64_51_56,15.625368,D18,
41,66_51_66,15.591469,D18,
41,9_51_56,15.549605,D18,
41,64_51_38,15.425315,D18,
41,66_34_34,15.416383,PBQx-TF,
41,9_51_9,15.342290,D18,
41,47_51_34,15.136026,PBQx-TF,
41,9_51_19,15.053534,D18,
41,64_0_0,14.405002,D18,
41,64_0_0,14.405002,D18,
41,64_0_0,14.405002,D18,
41,9_0_61,14.013950,D18,
41,66_65_64,13.990921,D18,
41,66_121_28,13.347845,D18,
41,9_16_64,12.578716,D18,
42,64_51_0,16.352097,D18,
42,61_51_0,16.240479,PBDB-TF,
42,54_51_0,16.184240,D18,
42,64_51_9,16.180554,D18,
42,66_51_56,16.161964,D18,
42,66_51_61,16.150462,D18,
42,66_51_28,16.128192,D18,
42,66_51_0,16.110812,D18,
42,66_51_1,16.103363,D18,
42,61_51_34,16.099401,D18,
42,64_51_64,16.096771,D18,
42,64_51_64,16.096771,D18,
42,64_51_64,16.096771,D18,
42,9_51_0,16.043710,D18,
42,9_51_61,16.043082,D18,
42,66_51_34,16.038354,D18,
42,66_51_64,15.994503,D18,
42,64_51_61,15.978183,D18,
42,64_51_28,15.834367,D18,
42,61_51_61,15.656759,D18,
42,66_51_66,15.591469,D18,
42,9_51_56,15.549605,D18,
42,64_34_34,15.415621,PBQx-TF,
42,66_51_9,15.324890,D18,
42,66_51_9,15.324890,D18,
42,30_51_34,15.189715,D18,
42,9_51_18,15.177860,D18,
42,9_51_34,15.056507,D18,
42,53_51_0,14.837044,PBQx-TF,
42,38_51_64,14.770486,D18,
42,42_51_34,14.587719,PBQx-TF,
42,66_28_28,12.833492,D18,
43,64_51_0,16.352097,D18,
43,61_51_0,16.240479,PBDB-TF,
43,54_51_0,16.184240,D18,
43,64_51_9,16.180554,D18,
43,66_51_56,16.161964,D18,
43,66_51_61,16.150462,D18,
43,66_51_28,16.128192,D18,
43,66_51_0,16.110812,D18,
43,66_51_1,16.103363,D18,
43,61_51_34,16.099401,D18,
43,64_51_64,16.096771,D18,
43,64_51_64,16.096771,D18,
43,64_51_64,16.096771,D18,
43,9_51_0,16.043710,D18,
43,9_51_61,16.043082,D18,
43,66_51_34,16.038354,D18,
43,66_51_64,15.994503,D18,
43,66_51_64,15.994503,D18,
43,30_51_0,15.868906,D18,
43,11_51_56,15.691243,D18,
43,61_51_61,15.656759,D18,
43,66_51_66,15.591469,D18,
43,66_51_66,15.591469,D18,
43,66_34_34,15.416383,PBQx-TF,
43,61_86_34,14.866701,D18,
43,64_0_0,14.405002,D18,
43,13_51_28,14.293186,D18,
43,66_51_48,14.261016,PBQx-TF,
43,61_0_0,14.146453,D18,
43,66_64_64,13.647881,D18,
43,66_94_64,13.142951,PBB-F,
43,61_116_0,12.756203,D18,
44,64_51_0,16.352097,D18,
44,61_51_0,16.240479,PBDB-TF,
44,54_51_0,16.184240,D18,
44,64_51_9,16.180554,D18,
44,66_51_56,16.161964,D18,
44,66_51_61,16.150462,D18,
44,66_51_28,16.128192,D18,
44,66_51_0,16.110812,D18,
44,66_51_1,16.103363,D18,
44,61_51_34,16.099401,D18,
44,64_51_64,16.096771,D18,
44,64_51_64,16.096771,D18,
44,64_51_64,16.096771,D18,
44,9_51_0,16.043710,D18,
44,9_51_61,16.043082,D18,
44,66_51_34,16.038354,D18,
44,66_51_64,15.994503,D18,
44,66_51_64,15.994503,D18,
44,61_51_64,15.864427,D18,
44,66_51_66,15.591469,D18,
44,64_51_34,15.560123,D18,
44,64_51_34,15.560123,D18,
44,64_51_34,15.560123,D18,
44,64_51_34,15.560123,D18,
44,61_51_28,15.425451,D18,
44,54_51_14,14.923487,D18,
44,54_0_0,14.076392,D18,
44,64_56_56,13.662360,D18,
44,66_56_56,13.654925,D18,
44,64_1_1,12.863953,D18,
44,64_80_9,12.844052,PBB-F,
44,61_128_0,12.688300,D18,
45,64_51_0,16.352097,D18,
45,61_51_0,16.240479,PBDB-TF,
45,54_51_0,16.184240,D18,
45,64_51_9,16.180554,D18,
45,66_51_56,16.161964,D18,
45,66_51_61,16.150462,D18,
45,66_51_28,16.128192,D18,
45,66_51_0,16.110812,D18,
45,66_51_1,16.103363,D18,
45,61_51_34,16.099401,D18,
45,64_51_64,16.096771,D18,
45,64_51_64,16.096771,D18,
45,64_51_64,16.096771,D18,
45,0_51_1,16.059555,D18,
45,9_51_0,16.043710,D18,
45,9_51_61,16.043082,D18,
45,66_51_34,16.038354,D18,
45,66_51_64,15.994503,D18,
45,66_51_64,15.994503,D18,
45,9_51_64,15.989156,D18,
45,64_51_61,15.978183,D18,
45,61_51_64,15.864427,D18,
45,61_51_61,15.656759,D18,
45,64_51_43,15.602336,D18,
45,66_51_66,15.591469,D18,
45,66_51_66,15.591469,D18,
45,64_51_23,15.419355,D18,
45,64_34_34,15.415621,PBQx-TF,
45,54_51_51,15.126230,D18,
45,9_51_1,14.993241,PBQx-TF,
45,66_51_50,14.890182,PBQx-TF,
45,64_4_64,12.664712,D18,
46,64_51_0,16.352097,D18,
46,61_51_0,16.240479,PBDB-TF,
46,54_51_0,16.184240,D18,
46,64_51_9,16.180554,D18,
46,66_51_56,16.161964,D18,
46,66_51_61,16.150462,D18,
46,66_51_28,16.128192,D18,
46,66_51_0,16.110812,D18,
46,66_51_1,16.103363,D18,
46,61_51_34,16.099401,D18,
46,64_51_64,16.096771,D18,
46,64_51_64,16.096771,D18,
46,64_51_64,16.096771,D18,
46,0_51_1,16.059555,D18,
46,9_51_0,16.043710,D18,
46,9_51_61,16.043082,D18,
46,64_51_61,15.978183,D18,
46,12_51_0,15.853280,D18,
46,64_51_28,15.834367,D18,
46,57_51_64,15.695652,D18,
46,61_51_61,15.656759,D18,
46,64_51_56,15.625368,D18,
46,66_51_66,15.591469,D18,
46,9_51_56,15.549605,D18,
46,9_51_28,15.437281,D18,
46,9_51_9,15.342290,D18,
46,19_51_61,15.281032,D18,
46,9_132_0,15.194720,D18,
46,9_51_1,14.993241,PBQx-TF,
46,3_51_28,14.760311,D18,
46,54_51_10,14.677109,D18,
46,54_51_52,14.344499,PBQx-TF,
47,64_51_0,16.352097,D18,
47,61_51_0,16.240479,PBDB-TF,
47,54_51_0,16.184240,D18,
47,64_51_9,16.180554,D18,
47,66_51_56,16.161964,D18,
47,66_51_61,16.150462,D18,
47,66_51_28,16.128192,D18,
47,66_51_0,16.110812,D18,
47,66_51_1,16.103363,D18,
47,61_51_34,16.099401,D18,
47,64_51_64,16.096771,D18,
47,64_51_64,16.096771,D18,
47,64_51_64,16.096771,D18,
47,0_51_1,16.059555,D18,
47,0_51_64,16.051220,D18,
47,9_51_0,16.043710,D18,
47,9_51_61,16.043082,D18,
47,0_51_9,15.968537,D18,
47,66_51_66,15.591469,D18,
47,64_51_34,15.560123,D18,
47,9_51_56,15.549605,D18,
47,66_51_24,15.531627,PBQx-TF,
47,54_51_9,15.377939,D18,
47,66_51_9,15.324890,D18,
47,64_51_22,15.071015,D18,
47,64_51_59,14.956215,D18,
47,0_51_7,14.923194,PBQx-TF,
47,64_0_0,14.405002,D18,
47,9_0_0,14.140546,D18,
47,66_0_0,14.105716,D18,
47,9_99_9,13.217684,D18,
47,66_61_61,12.947336,PBB-F,
48,64_51_0,16.352097,D18,
48,61_51_0,16.240479,PBDB-TF,
48,54_51_0,16.184240,D18,
48,64_51_9,16.180554,D18,
48,66_51_56,16.161964,D18,
48,66_51_61,16.150462,D18,
48,66_51_28,16.128192,D18,
48,66_51_0,16.110812,D18,
48,66_51_1,16.103363,D18,
48,61_51_34,16.099401,D18,
48,64_51_64,16.096771,D18,
48,64_51_64,16.096771,D18,
48,64_51_64,16.096771,D18,
48,0_51_1,16.059555,D18,
48,0_51_64,16.051220,D18,
48,9_51_0,16.043710,D18,
48,61_51_23,15.973962,D18,
48,66_51_4,15.899412,PBQx-TF,
48,61_51_63,15.849540,D18,
48,64_51_39,15.749982,D18,
48,64_51_57,15.687828,D18,
48,66_51_66,15.591469,D18,
48,66_51_66,15.591469,D18,
48,64_51_23,15.419355,D18,
48,54_51_9,15.377939,D18,
48,9_51_9,15.342290,D18,
48,66_51_17,15.289089,D18,
48,9_51_17,14.852599,D18,
48,0_56_56,13.587605,D18,
48,9_58_9,13.196609,D18,
48,0_120_64,13.150408,D18,
48,64_13_64,12.909042,D18,
49,64_51_0,16.352097,D18,
49,61_51_0,16.240479,PBDB-TF,
49,54_51_0,16.184240,D18,
49,64_51_9,16.180554,D18,
49,66_51_56,16.161964,D18,
49,66_51_61,16.150462,D18,
49,66_51_28,16.128192,D18,
49,66_51_0,16.110812,D18,
49,66_51_1,16.103363,D18,
49,61_51_34,16.099401,D18,
49,0_51_61,16.097448,PBDB-TF,
49,64_51_64,16.096771,D18,
49,64_51_64,16.096771,D18,
49,64_51_64,16.096771,D18,
49,0_51_34,16.093871,D18,
49,0_51_0,16.067534,D18,
49,0_51_0,16.067534,D18,
49,0_51_1,16.059555,D18,
49,0_51_64,16.051220,D18,
49,9_51_0,16.043710,D18,
49,46_51_64,15.791023,D18,
49,26_51_64,15.682137,D18,
49,0_51_41,15.620943,D18,
49,66_51_66,15.591469,D18,
49,64_51_12,15.436568,D18,
49,19_51_61,15.281032,D18,
49,61_34_34,14.879566,D18,
49,64_51_40,14.823869,PBQx-TF,
49,9_0_0,14.140546,D18,
49,66_0_0,14.105716,D18,
49,0_64_64,13.806311,D18,
49,64_9_9,12.806935,D18,
50,64_51_0,16.352097,D18,
50,61_51_0,16.240479,PBDB-TF,
50,54_51_0,16.184240,D18,
50,64_51_9,16.180554,D18,
50,66_51_56,16.161964,D18,
50,66_51_61,16.150462,D18,
50,66_51_28,16.128192,D18,
50,66_51_0,16.110812,D18,
50,66_51_1,16.103363,D18,
50,61_51_34,16.099401,D18,
50,0_51_61,16.097448,PBDB-TF,
50,64_51_64,16.096771,D18,
50,64_51_64,16.096771,D18,
50,64_51_64,16.096771,D18,
50,0_51_34,16.093871,D18,
50,0_51_0,16.067534,D18,
50,54_51_54,15.891359,D18,
50,58_51_61,15.653026,D18,
50,64_51_56,15.625368,D18,
50,64_51_56,15.625368,D18,
50,64_51_56,15.625368,D18,
50,66_51_66,15.591469,D18,
50,61_51_60,15.575999,D18,
50,64_51_34,15.560123,D18,
50,7_51_0,14.933644,PBQx-TF,
50,64_51_44,14.932010,D18,
50,64_0_0,14.405002,D18,
50,66_0_0,14.105716,D18,
50,66_1_1,13.140020,D18,
50,64_9_9,12.806935,D18,
50,0_91_0,12.759136,D18,
50,64_19_0,12.325089,D18,
51,64_51_0,16.352097,D18,
51,61_51_0,16.240479,PBDB-TF,
51,54_51_0,16.184240,D18,
51,64_51_9,16.180554,D18,
51,66_51_56,16.161964,D18,
51,66_51_61,16.150462,D18,
51,66_51_28,16.128192,D18,
51,66_51_0,16.110812,D18,
51,66_51_1,16.103363,D18,
51,61_51_34,16.099401,D18,
51,0_51_61,16.097448,PBDB-TF,
51,64_51_64,16.096771,D18,
51,64_51_64,16.096771,D18,
51,64_51_64,16.096771,D18,
51,0_51_34,16.093871,D18,
51,0_51_0,16.067534,D18,
51,54_51_64,16.056580,D18,
51,64_51_63,15.789256,D18,
51,0_51_57,15.662160,D18,
51,61_51_61,15.656759,D18,
51,64_51_49,15.647125,D18,
51,66_51_66,15.591469,D18,
51,12_51_28,15.473840,D18,
51,54_51_34,15.462959,D18,
51,0_51_28,14.729370,D18,
51,64_0_0,14.405002,D18,
51,0_56_56,13.587605,D18,
51,0_138_0,13.382442,D18,
51,64_61_61,13.007319,PBB-F,
51,66_61_61,12.947336,PBB-F,
51,64_28_28,12.727032,D18,
51,0_53_0,12.567131,PBTA-PSF,
52,64_51_0,16.352097,D18,
52,61_51_0,16.240479,PBDB-TF,
52,54_51_0,16.184240,D18,
52,64_51_9,16.180554,D18,
52,66_51_56,16.161964,D18,
52,66_51_61,16.150462,D18,
52,66_51_28,16.128192,D18,
52,66_51_0,16.110812,D18,
52,66_51_1,16.103363,D18,
52,61_51_34,16.099401,D18,
52,0_51_61,16.097448,PBDB-TF,
52,64_51_64,16.096771,D18,
52,64_51_64,16.096771,D18,
52,64_51_64,16.096771,D18,
52,0_51_34,16.093871,D18,
52,0_51_0,16.067534,D18,
52,64_51_27,16.033179,D18,
52,66_51_64,15.994503,D18,
52,46_51_0,15.835137,D18,
52,28_51_64,15.681262,D18,
52,64_51_56,15.625368,D18,
52,0_51_36,15.335980,D18,
52,10_51_0,15.115724,PBQx-TF,
52,64_51_19,14.985910,D18,
52,64_51_16,14.906058,D18,
52,66_26_1,14.670502,D18,
52,64_0_0,14.405002,D18,
52,66_0_0,14.105716,D18,
52,54_0_0,14.076392,D18,
52,54_0_0,14.076392,D18,
52,0_61_61,12.824683,PBB-F,
52,64_75_0,12.763079,D18,
53,64_51_0,16.352097,D18,
53,61_51_0,16.240479,PBDB-TF,
53,54_51_0,16.184240,D18,
53,64_51_9,16.180554,D18,
53,66_51_56,16.161964,D18,
53,0_51_29,16.161837,D18,
53,66_51_61,16.150462,D18,
53,66_51_28,16.128192,D18,
53,66_51_0,16.110812,D18,
53,66_51_1,16.103363,D18,
53,61_51_34,16.099401,D18,
53,0_51_61,16.097448,PBDB-TF,
53,64_51_64,16.096771,D18,
53,64_51_64,16.096771,D18,
53,64_51_64,16.096771,D18,
53,0_51_34,16.093871,D18,
53,0_51_0,16.067534,D18,
53,54_51_64,16.056580,D18,
53,66_51_64,15.994503,D18,
53,66_51_63,15.985771,D18,
53,64_51_61,15.978183,D18,
53,31_51_64,15.917482,D18,
53,0_51_4,15.686961,D18,
53,0_51_5,15.681185,D18,
53,66_51_66,15.591469,D18,
53,54_51_56,15.587388,D18,
53,54_51_34,15.462959,D18,
53,54_51_9,15.377939,D18,
53,54_51_45,15.007637,D18,
53,0_51_28,14.729370,D18,
53,0_28_28,12.721388,D18,
53,61_28_28,12.710410,D18,
54,64_51_0,16.352097,D18,
54,61_51_0,16.240479,PBDB-TF,
54,54_51_0,16.184240,D18,
54,64_51_9,16.180554,D18,
54,66_51_56,16.161964,D18,
54,0_51_29,16.161837,D18,
54,66_51_61,16.150462,D18,
54,66_51_28,16.128192,D18,
54,61_51_10,16.119020,D18,
54,54_51_61,16.115836,D18,
54,66_51_0,16.110812,D18,
54,66_51_1,16.103363,D18,
54,61_51_34,16.099401,D18,
54,0_51_61,16.097448,PBDB-TF,
54,64_51_64,16.096771,D18,
54,64_51_64,16.096771,D18,
54,64_51_64,16.096771,D18,
54,0_51_34,16.093871,D18,
54,0_51_0,16.067534,D18,
54,0_51_64,16.051220,D18,
54,64_51_61,15.978183,D18,
54,0_51_9,15.968537,D18,
54,64_51_1,15.804270,D18,
54,34_51_61,15.766550,D18,
54,61_51_61,15.656759,D18,
54,64_51_34,15.560123,D18,
54,5_51_0,15.505213,D18,
54,66_51_9,15.324890,D18,
54,23_51_64,14.827356,D18,
54,61_0_0,14.146453,D18,
54,66_61_61,12.947336,PBB-F,
54,0_28_28,12.721388,D18,
55,64_51_0,16.352097,D18,
55,61_51_0,16.240479,PBDB-TF,
55,54_51_0,16.184240,D18,
55,64_51_9,16.180554,D18,
55,66_51_56,16.161964,D18,
55,0_51_29,16.161837,D18,
55,66_51_61,16.150462,D18,
55,66_51_28,16.128192,D18,
55,61_51_10,16.119020,D18,
55,54_51_61,16.115836,D18,
55,66_51_0,16.110812,D18,
55,66_51_1,16.103363,D18,
55,61_51_34,16.099401,D18,
55,0_51_61,16.097448,PBDB-TF,
55,64_51_64,16.096771,D18,
55,64_51_64,16.096771,D18,
55,61_51_9,16.069681,D18,
55,0_51_0,16.067534,D18,
55,54_51_64,16.056580,D18,
55,61_51_64,15.864427,D18,
55,61_51_61,15.656759,D18,
55,66_51_66,15.591469,D18,
55,61_51_40,15.591200,D18,
55,64_51_67,15.503082,D18,
55,54_51_9,15.377939,D18,
55,55_51_1,14.726349,D18,
55,13_51_0,14.358346,D18,
55,61_0_1,14.287154,D18,
55,66_61_61,12.947336,PBB-F,
55,66_61_61,12.947336,PBB-F,
55,61_95_0,12.937883,D18,
55,64_75_28,12.695094,D18,
56,64_51_0,16.352097,D18,
56,61_51_0,16.240479,PBDB-TF,
56,54_51_0,16.184240,D18,
56,64_51_9,16.180554,D18,
56,66_51_56,16.161964,D18,
56,0_51_29,16.161837,D18,
56,66_51_61,16.150462,D18,
56,66_51_28,16.128192,D18,
56,61_51_10,16.119020,D18,
56,54_51_61,16.115836,D18,
56,66_51_0,16.110812,D18,
56,66_51_1,16.103363,D18,
56,61_51_34,16.099401,D18,
56,0_51_61,16.097448,PBDB-TF,
56,64_51_64,16.096771,D18,
56,64_51_64,16.096771,D18,
56,61_51_9,16.069681,D18,
56,66_51_64,15.994503,D18,
56,64_51_61,15.978183,D18,
56,54_51_28,15.956096,D18,
56,54_51_12,15.896823,D18,
56,54_51_54,15.891359,D18,
56,1_51_0,15.843028,D18,
56,33_51_61,15.815519,D18,
56,61_51_61,15.656759,D18,
56,0_51_28,14.729370,D18,
56,64_112_28,14.625791,D18,
56,64_0_0,14.405002,D18,
56,66_67_61,14.147380,D18,
56,0_64_64,13.806311,D18,
56,64_63_0,13.690338,D18,
56,54_61_61,12.859066,D18,
57,64_51_0,16.352097,D18,
57,61_51_0,16.240479,PBDB-TF,
57,54_51_0,16.184240,D18,
57,64_51_9,16.180554,D18,
57,66_51_56,16.161964,D18,
57,0_51_29,16.161837,D18,
57,66_51_61,16.150462,D18,
57,66_51_28,16.128192,D18,
57,61_51_10,16.119020,D18,
57,54_51_61,16.115836,D18,
57,66_51_29,16.113608,D18,
57,66_51_29,16.113608,D18,
57,66_51_0,16.110812,D18,
57,66_51_1,16.103363,D18,
57,61_51_34,16.099401,D18,
57,0_51_61,16.097448,PBDB-TF,
57,64_51_64,16.096771,D18,
57,64_51_64,16.096771,D18,
57,66_51_64,15.994503,D18,
57,61_51_23,15.973962,D18,
57,64_51_28,15.834367,D18,
57,54_51_1,15.716722,D18,
57,61_51_61,15.656759,D18,
57,64_51_6,15.632830,D18,
57,0_34_34,15.375825,D18,
57,66_51_9,15.324890,D18,
57,0_51_28,14.729370,D18,
57,61_0_0,14.146453,D18,
57,66_56_56,13.654925,D18,
57,66_61_61,12.947336,PBB-F,
57,61_10_10,12.895258,D18,
57,64_9_9,12.806935,D18,
58,64_51_0,16.352097,D18,
58,61_51_0,16.240479,PBDB-TF,
58,54_51_0,16.184240,D18,
58,64_51_9,16.180554,D18,
58,66_51_56,16.161964,D18,
58,0_51_29,16.161837,D18,
58,66_51_61,16.150462,D18,
58,12_51_61,16.147512,PBDB-TF,
58,66_51_28,16.128192,D18,
58,61_51_10,16.119020,D18,
58,54_51_61,16.115836,D18,
58,66_51_29,16.113608,D18,
58,66_51_29,16.113608,D18,
58,66_51_0,16.110812,D18,
58,66_51_1,16.103363,D18,
58,61_51_34,16.099401,D18,
58,0_51_61,16.097448,PBDB-TF,
58,0_51_9,15.968537,D18,
58,61_51_61,15.656759,D18,
58,66_51_5,15.551784,D18,
58,54_51_47,15.279086,D18,
58,66_107_29,15.124555,D18,
58,54_51_29,15.086031,D18,
58,22_51_29,14.715686,D18,
58,30_51_10,14.457822,PBQx-TF,
58,0_21_29,14.322311,D18,
58,66_29_29,13.229109,D18,
58,66_82_0,13.194114,PBB-F,
58,54_61_61,12.859066,D18,
58,54_42_29,12.825779,D18,
58,0_61_61,12.824683,PBB-F,
58,0_28_28,12.721388,D18,
59,64_51_0,16.352097,D18,
59,61_51_0,16.240479,PBDB-TF,
59,54_51_0,16.184240,D18,
59,64_51_9,16.180554,D18,
59,66_51_56,16.161964,D18,
59,0_51_29,16.161837,D18,
59,66_51_61,16.150462,D18,
59,12_51_61,16.147512,PBDB-TF,
59,66_51_28,16.128192,D18,
59,61_51_10,16.119020,D18,
59,54_51_61,16.115836,D18,
59,66_51_29,16.113608,D18,
59,66_51_29,16.113608,D18,
59,66_51_0,16.110812,D18,
59,66_51_1,16.103363,D18,
59,61_51_34,16.099401,D18,
59,61_51_29,15.902717,PBDB-TF,
59,54_51_27,15.858758,D18,
59,61_51_1,15.842463,D18,
59,66_51_55,15.830055,D18,
59,47_51_61,15.782869,D18,
59,61_51_61,15.656759,D18,
59,66_51_66,15.591469,D18,
59,66_51_66,15.591469,D18,
59,12_51_12,15.236851,D18,
59,64_51_40,14.823869,PBQx-TF,
59,21_51_29,14.302838,D18,
59,12_0_0,14.198364,D18,
59,66_122_29,13.252835,D18,
59,66_29_29,13.229109,D18,
59,54_61_61,12.859066,D18,
59,66_50_0,12.736419,D18,
60,64_51_66,16.405963,D18,
60,64_51_0,16.352097,D18,
60,61_51_0,16.240479,PBDB-TF,
60,54_51_0,16.184240,D18,
60,64_51_9,16.180554,D18,
60,66_51_56,16.161964,D18,
60,0_51_29,16.161837,D18,
60,66_51_61,16.150462,D18,
60,12_51_61,16.147512,PBDB-TF,
60,66_51_28,16.128192,D18,
60,61_51_10,16.119020,D18,
60,54_51_61,16.115836,D18,
60,66_51_29,16.113608,D18,
60,66_51_29,16.113608,D18,
60,66_51_0,16.110812,D18,
60,66_51_1,16.103363,D18,
60,61_51_34,16.099401,D18,
60,12_51_0,15.853280,D18,
60,61_51_61,15.656759,D18,
60,66_51_66,15.591469,D18,
60,66_51_66,15.591469,D18,
60,12_51_28,15.473840,D18,
60,35_51_0,15.245386,D18,
60,12_51_12,15.236851,D18,
60,66_51_10,15.209848,D18,
60,66_51_10,15.209848,D18,
60,7_51_56,14.938905,D18,
60,12_51_10,14.549467,D18,
60,13_51_34,14.257670,D18,
60,66_29_29,13.229109,D18,
60,64_9_9,12.806935,D18,
60,64_9_9,12.806935,D18,
61,64_51_66,16.405963,D18,
61,64_51_0,16.352097,D18,
61,61_51_0,16.240479,PBDB-TF,
61,54_51_0,16.184240,D18,
61,64_51_9,16.180554,D18,
61,66_51_56,16.161964,D18,
61,0_51_29,16.161837,D18,
61,66_51_61,16.150462,D18,
61,12_51_61,16.147512,PBDB-TF,
61,66_51_28,16.128192,D18,
61,61_51_10,16.119020,D18,
61,54_51_61,16.115836,D18,
61,66_51_29,16.113608,D18,
61,66_51_29,16.113608,D18,
61,66_51_0,16.110812,D18,
61,66_51_1,16.103363,D18,
61,0_51_0,16.067534,D18,
61,64_51_61,15.978183,D18,
61,64_51_61,15.978183,D18,
61,64_51_28,15.834367,D18,
61,61_51_61,15.656759,D18,
61,64_51_56,15.625368,D18,
61,66_51_66,15.591469,D18,
61,34_51_0,15.577573,D18,
61,12_51_29,15.423136,D18,
61,12_51_12,15.236851,D18,
61,19_51_0,15.173992,D18,
61,66_51_16,15.167719,D18,
61,64_112_29,14.957108,D18,
61,66_113_29,14.751281,PBQx-TF,
61,66_82_0,13.194114,PBB-F,
61,61_10_10,12.895258,D18,
62,64_51_66,16.405963,D18,
62,64_51_0,16.352097,D18,
62,61_51_0,16.240479,PBDB-TF,
62,54_51_0,16.184240,D18,
62,64_51_9,16.180554,D18,
62,66_51_56,16.161964,D18,
62,0_51_29,16.161837,D18,
62,66_51_61,16.150462,D18,
62,12_51_61,16.147512,PBDB-TF,
62,66_51_28,16.128192,D18,
62,61_51_10,16.119020,D18,
62,54_51_61,16.115836,D18,
62,66_51_29,16.113608,D18,
62,66_51_29,16.113608,D18,
62,66_51_0,16.110812,D18,
62,66_51_1,16.103363,D18,
62,64_51_64,16.096771,D18,
62,64_51_64,16.096771,D18,
62,66_51_31,15.916229,D18,
62,61_51_1,15.842463,D18,
62,64_51_28,15.834367,D18,
62,61_51_61,15.656759,D18,
62,66_51_66,15.591469,D18,
62,66_51_24,15.531627,PBQx-TF,
62,12_51_29,15.423136,D18,
62,66_51_9,15.324890,D18,
62,12_51_41,15.180350,D18,
62,64_51_10,14.749627,PBQx-TF,
62,66_134_29,14.288334,D18,
62,66_0_0,14.105716,D18,
62,66_10_10,13.035336,D18,
62,54_61_61,12.859066,D18,
63,64_51_66,16.405963,D18,
63,64_51_0,16.352097,D18,
63,61_51_0,16.240479,PBDB-TF,
63,54_51_0,16.184240,D18,
63,64_51_9,16.180554,D18,
63,66_51_56,16.161964,D18,
63,0_51_29,16.161837,D18,
63,66_51_61,16.150462,D18,
63,12_51_61,16.147512,PBDB-TF,
63,66_51_28,16.128192,D18,
63,61_51_10,16.119020,D18,
63,54_51_61,16.115836,D18,
63,66_51_29,16.113608,D18,
63,66_51_29,16.113608,D18,
63,66_51_0,16.110812,D18,
63,66_51_1,16.103363,D18,
63,66_51_54,16.057436,D18,
63,66_51_34,16.038354,D18,
63,12_51_56,15.964710,D18,
63,23_51_61,15.568033,D18,
63,12_51_12,15.236851,D18,
63,64_26_66,15.129519,D18,
63,54_51_29,15.086031,D18,
63,59_51_29,14.746939,PBQx-TF,
63,54_51_21,14.441276,D18,
63,66_66_1,13.801671,D18,
63,66_29_29,13.229109,D18,
63,66_99_29,13.080219,D18,
63,0_29_29,13.051612,D18,
63,66_10_10,13.035336,D18,
63,54_9_9,12.717203,D18,
63,66_91_28,12.629555,D18,
64,64_51_66,16.405963,D18,
64,64_51_0,16.352097,D18,
64,61_51_0,16.240479,PBDB-TF,
64,54_51_0,16.184240,D18,
64,64_51_9,16.180554,D18,
64,66_51_56,16.161964,D18,
64,0_51_29,16.161837,D18,
64,66_51_61,16.150462,D18,
64,12_51_61,16.147512,PBDB-TF,
64,54_51_66,16.135434,D18,
64,66_51_28,16.128192,D18,
64,61_51_10,16.119020,D18,
64,54_51_61,16.115836,D18,
64,66_51_29,16.113608,D18,
64,66_51_29,16.113608,D18,
64,66_51_0,16.110812,D18,
64,66_51_1,16.103363,D18,
64,64_51_64,16.096771,D18,
64,64_51_64,16.096771,D18,
64,0_51_0,16.067534,D18,
64,0_51_0,16.067534,D18,
64,0_51_0,16.067534,D18,
64,64_51_61,15.978183,D18,
64,61_51_1,15.842463,D18,
64,66_51_66,15.591469,D18,
64,12_51_34,15.479464,D18,
64,54_51_9,15.377939,D18,
64,66_51_17,15.289089,D18,
64,42_51_10,14.834683,PBQx-TF,
64,66_1_1,13.140020,D18,
64,0_29_29,13.051612,D18,
64,61_10_10,12.895258,D18,
65,64_51_66,16.405963,D18,
65,64_51_0,16.352097,D18,
65,61_51_0,16.240479,PBDB-TF,
65,54_51_0,16.184240,D18,
65,64_51_9,16.180554,D18,
65,66_51_56,16.161964,D18,
65,0_51_29,16.161837,D18,
65,66_51_61,16.150462,D18,
65,12_51_61,16.147512,PBDB-TF,
65,54_51_66,16.135434,D18,
65,66_51_28,16.128192,D18,
65,61_51_10,16.119020,D18,
65,54_51_61,16.115836,D18,
65,66_51_29,16.113608,D18,
65,66_51_29,16.113608,D18,
65,66_51_0,16.110812,D18,
65,12_51_0,15.853280,D18,
65,3_51_0,15.833540,D18,
65,64_51_29,15.820432,D18,
65,64_51_29,15.820432,D18,
65,64_51_29,15.820432,D18,
65,66_51_15,15.781980,D18,
65,54_51_56,15.587388,D18,
65,54_51_56,15.587388,D18,
65,0_51_51,15.425211,D18,
65,66_51_18,15.313453,D18,
65,8_51_56,15.284666,D18,
65,66_51_36,15.061099,PBQx-TF,
65,66_56_56,13.654925,D18,
65,66_29_29,13.229109,D18,
65,54_5_61,12.581850,D18,
65,64_19_66,12.569816,D18,
66,64_51_66,16.405963,D18,
66,64_51_0,16.352097,D18,
66,61_51_0,16.240479,PBDB-TF,
66,54_51_0,16.184240,D18,
66,64_51_9,16.180554,D18,
66,66_51_56,16.161964,D18,
66,0_51_29,16.161837,D18,
66,66_51_61,16.150462,D18,
66,12_51_61,16.147512,PBDB-TF,
66,54_51_66,16.135434,D18,
66,66_51_28,16.128192,D18,
66,61_51_10,16.119020,D18,
66,54_51_61,16.115836,D18,
66,66_51_29,16.113608,D18,
66,66_51_29,16.113608,D18,
66,66_51_0,16.110812,D18,
66,64_51_64,16.096771,D18,
66,54_51_54,15.891359,D18,
66,54_51_54,15.891359,D18,
66,64_51_28,15.834367,D18,
66,61_51_61,15.656759,D18,
66,66_51_66,15.591469,D18,
66,54_51_57,15.466421,D18,
66,66_51_10,15.209848,D18,
66,41_51_29,15.052940,D18,
66,19_51_29,14.847780,D18,
66,3_51_29,14.807909,D18,
66,64_103_28,14.747891,D18,
66,52_51_66,14.465353,D18,
66,54_51_52,14.344499,PBQx-TF,
66,66_56_56,13.654925,D18,
66,0_29_29,13.051612,D18,
67,64_51_66,16.405963,D18,
67,64_51_0,16.352097,D18,
67,61_51_0,16.240479,PBDB-TF,
67,54_51_0,16.184240,D18,
67,64_51_9,16.180554,D18,
67,66_51_56,16.161964,D18,
67,0_51_29,16.161837,D18,
67,66_51_61,16.150462,D18,
67,12_51_61,16.147512,PBDB-TF,
67,54_51_66,16.135434,D18,
67,66_51_28,16.128192,D18,
67,61_51_10,16.119020,D18,
67,54_51_61,16.115836,D18,
67,66_51_29,16.113608,D18,
67,66_51_29,16.113608,D18,
67,66_51_0,16.110812,D18,
67,66_51_44,15.906788,D18,
67,61_51_29,15.902717,PBDB-TF,
67,12_51_0,15.853280,D18,
67,61_51_56,15.803044,D18,
67,66_51_66,15.591469,D18,
67,12_51_29,15.423136,D18,
67,31_51_66,15.354266,D18,
67,11_51_29,15.324248,D18,
67,66_51_10,15.209848,D18,
67,52_51_0,14.982054,D18,
67,66_0_0,14.105716,D18,
67,0_66_66,13.970197,D18,
67,66_29_29,13.229109,D18,
67,66_102_29,13.115555,PBB-F,
67,66_61_61,12.947336,PBB-F,
67,66_61_10,12.891799,D18,
68,64_51_66,16.405963,D18,
68,64_51_0,16.352097,D18,
68,61_51_0,16.240479,PBDB-TF,
68,54_51_0,16.184240,D18,
68,64_51_9,16.180554,D18,
68,66_51_56,16.161964,D18,
68,0_51_29,16.161837,D18,
68,66_51_61,16.150462,D18,
68,12_51_61,16.147512,PBDB-TF,
68,54_51_66,16.135434,D18,
68,66_51_28,16.128192,D18,
68,61_51_10,16.119020,D18,
68,54_51_61,16.115836,D18,
68,66_51_29,16.113608,D18,
68,66_51_29,16.113608,D18,
68,66_51_0,16.110812,D18,
68,0_51_0,16.067534,D18,
68,0_51_0,16.067534,D18,
68,0_51_0,16.067534,D18,
68,64_51_61,15.978183,D18,
68,54_51_28,15.956096,D18,
68,64_51_28,15.834367,D18,
68,64_51_29,15.820432,D18,
68,61_51_56,15.803044,D18,
68,26_51_0,15.758564,D18,
68,61_51_36,15.598996,D18,
68,66_51_66,15.591469,D18,
68,54_51_9,15.377939,D18,
68,66_51_37,15.236862,D18,
68,66_51_39,15.184796,D18,
68,66_51_14,14.777262,PBQx-TF,
68,66_3_29,12.957958,D18,
69,64_51_66,16.405963,D18,
69,64_51_0,16.352097,D18,
69,61_51_0,16.240479,PBDB-TF,
69,54_51_0,16.184240,D18,
69,64_51_9,16.180554,D18,
69,66_51_56,16.161964,D18,
69,0_51_29,16.161837,D18,
69,66_51_61,16.150462,D18,
69,12_51_61,16.147512,PBDB-TF,
69,54_51_66,16.135434,D18,
69,66_51_28,16.128192,D18,
69,61_51_10,16.119020,D18,
69,54_51_61,16.115836,D18,
69,66_51_29,16.113608,D18,
69,66_51_29,16.113608,D18,
69,66_51_0,16.110812,D18,
69,64_51_64,16.096771,D18,
69,61_51_29,15.902717,PBDB-TF,
69,63_51_0,15.875795,D18,
69,12_51_0,15.853280,D18,
69,61_51_61,15.656759,D18,
69,54_51_9,15.377939,D18,
69,12_51_12,15.236851,D18,
69,66_51_10,15.209848,D18,
69,64_51_17,15.185856,D18,
69,49_51_9,14.944971,D18,
69,0_106_0,14.646341,D18,
69,12_51_10,14.549467,D18,
69,64_51_21,14.250075,PBQx-TF,
69,66_10_10,13.035336,D18,
69,66_28_28,12.833492,D18,
69,66_17_61,12.675239,PBB-F,
70,64_51_66,16.405963,D18,
70,64_51_0,16.352097,D18,
70,61_51_0,16.240479,PBDB-TF,
70,54_51_0,16.184240,D18,
70,64_51_9,16.180554,D18,
70,66_51_56,16.161964,D18,
70,61_51_66,16.161934,D18,
70,0_51_29,16.161837,D18,
70,66_51_61,16.150462,D18,
70,12_51_61,16.147512,PBDB-TF,
70,54_51_66,16.135434,D18,
70,66_51_28,16.128192,D18,
70,61_51_10,16.119020,D18,
70,54_51_61,16.115836,D18,
70,66_51_29,16.113608,D18,
70,66_51_29,16.113608,D18,
70,66_51_0,16.110812,D18,
70,64_51_64,16.096771,D18,
70,0_51_56,15.900388,D18,
70,54_51_54,15.891359,D18,
70,54_51_54,15.891359,D18,
70,64_51_28,15.834367,D18,
70,64_51_29,15.820432,D18,
70,61_104_10,15.604843,D18,
70,46_51_29,15.579025,D18,
70,36_51_0,15.446305,PBQx-TF,
70,30_51_9,15.413979,D18,
70,54_51_29,15.086031,D18,
70,64_51_10,14.749627,PBQx-TF,
70,54_66_66,14.157855,D18,
70,61_0_0,14.146453,D18,
70,66_61_61,12.947336,PBB-F,
71,64_51_66,16.405963,D18,
71,64_51_0,16.352097,D18,
71,61_51_0,16.240479,PBDB-TF,
71,54_51_0,16.184240,D18,
71,64_51_9,16.180554,D18,
71,66_51_56,16.161964,D18,
71,61_51_66,16.161934,D18,
71,0_51_29,16.161837,D18,
71,66_51_61,16.150462,D18,
71,12_51_61,16.147512,PBDB-TF,
71,54_51_66,16.135434,D18,
71,66_51_28,16.128192,D18,
71,61_51_10,16.119020,D18,
71,54_51_61,16.115836,D18,
71,66_51_29,16.113608,D18,
71,66_51_29,16.113608,D18,
71,54_51_54,15.891359,D18,
71,61_51_61,15.656759,D18,
71,64_127_0,15.605496,D18,
71,66_51_66,15.591469,D18,
71,66_51_24,15.531627,PBQx-TF,
71,54_51_15,15.365481,D18,
71,5_51_61,15.267339,D18,
71,61_104_61,15.199135,D18,
71,30_51_10,14.457822,PBQx-TF,
71,64_0_0,14.405002,D18,
71,13_51_0,14.358346,D18,
71,61_66_66,14.054683,D18,
71,66_28_28,12.833492,D18,
71,64_9_9,12.806935,D18,
71,0_95_29,12.510922,D18,
71,0_50_29,12.414491,D18,
72,64_51_66,16.405963,D18,
72,64_51_0,16.352097,D18,
72,61_51_0,16.240479,PBDB-TF,
72,54_51_0,16.184240,D18,
72,64_51_9,16.180554,D18,
72,66_51_56,16.161964,D18,
72,61_51_66,16.161934,D18,
72,0_51_29,16.161837,D18,
72,66_51_61,16.150462,D18,
72,12_51_61,16.147512,PBDB-TF,
72,54_51_66,16.135434,D18,
72,66_51_28,16.128192,D18,
72,61_51_10,16.119020,D18,
72,54_51_61,16.115836,D18,
72,66_51_29,16.113608,D18,
72,66_51_29,16.113608,D18,
72,66_51_0,16.110812,D18,
72,54_51_28,15.956096,D18,
72,54_51_54,15.891359,D18,
72,54_51_54,15.891359,D18,
72,61_51_61,15.656759,D18,
72,61_51_61,15.656759,D18,
72,64_51_56,15.625368,D18,
72,66_51_66,15.591469,D18,
72,66_51_66,15.591469,D18,
72,66_51_66,15.591469,D18,
72,24_51_0,15.537328,PBQx-TF,
72,66_51_41,15.371412,D18,
72,66_51_10,15.209848,D18,
72,64_0_0,14.405002,D18,
72,66_5_0,12.925096,D18,
72,66_116_66,12.797609,PBB-F,
73,64_51_66,16.405963,D18,
73,64_51_0,16.352097,D18,
73,61_51_0,16.240479,PBDB-TF,
73,54_51_0,16.184240,D18,
73,64_51_9,16.180554,D18,
73,66_51_56,16.161964,D18,
73,61_51_66,16.161934,D18,
73,0_51_29,16.161837,D18,
73,66_51_61,16.150462,D18,
73,12_51_61,16.147512,PBDB-TF,
73,54_51_66,16.135434,D18,
73,66_51_28,16.128192,D18,
73,61_51_10,16.119020,D18,
73,54_51_61,16.115836,D18,
73,66_51_29,16.113608,D18,
73,66_51_29,16.113608,D18,
73,66_51_0,16.110812,D18,
73,64_51_61,15.978183,D18,
73,28_51_28,15.973630,D18,
73,54_51_54,15.891359,D18,
73,12_51_0,15.853280,D18,
73,66_51_11,15.783838,D18,
73,64_51_26,15.651149,D18,
73,66_51_66,15.591469,D18,
73,66_51_66,15.591469,D18,
73,12_51_29,15.423136,D18,
73,66_115_29,15.380582,PBQx-TF,
73,2_51_28,15.283395,PBQx-TF,
73,66_51_52,14.301667,D18,
73,12_8_61,13.066846,PBQx-TF,
73,64_30_9,12.878921,PBQx-TF,
73,64_9_9,12.806935,D18,
74,64_51_66,16.405963,D18,
74,64_51_0,16.352097,D18,
74,61_51_0,16.240479,PBDB-TF,
74,54_51_0,16.184240,D18,
74,64_51_9,16.180554,D18,
74,66_51_56,16.161964,D18,
74,61_51_66,16.161934,D18,
74,0_51_29,16.161837,D18,
74,66_51_61,16.150462,D18,
74,12_51_61,16.147512,PBDB-TF,
74,54_51_66,16.135434,D18,
74,66_51_28,16.128192,D18,
74,61_51_10,16.119020,D18,
74,54_51_61,16.115836,D18,
74,66_51_29,16.113608,D18,
74,66_51_29,16.113608,D18,
74,61_51_34,16.099401,D18,
74,64_51_64,16.096771,D18,
74,61_51_29,15.902717,PBDB-TF,
74,61_51_61,15.656759,D18,
74,61_51_61,15.656759,D18,
74,61_51_61,15.656759,D18,
74,61_51_61,15.656759,D18,
74,66_51_66,15.591469,D18,
74,66_51_66,15.591469,D18,
74,66_51_66,15.591469,D18,
74,61_126_61,15.526100,D18,
74,54_51_41,15.325628,D18,
74,0_51_20,14.305037,D18,
74,61_0_0,14.146453,D18,
74,0_122_61,13.025656,D18,
74,0_61_61,12.824683,PBB-F,
75,0_51_66,16.421011,D18,
75,64_51_66,16.405963,D18,
75,64_51_0,16.352097,D18,
75,61_51_0,16.240479,PBDB-TF,
75,12_51_66,16.236050,D18,
75,54_51_0,16.184240,D18,
75,64_51_9,16.180554,D18,
75,66_51_56,16.161964,D18,
75,61_51_66,16.161934,D18,
75,0_51_29,16.161837,D18,
75,66_51_61,16.150462,D18,
75,12_51_61,16.147512,PBDB-TF,
75,54_51_66,16.135434,D18,
75,66_51_28,16.128192,D18,
75,61_51_10,16.119020,D18,
75,54_51_61,16.115836,D18,
75,66_51_29,16.113608,D18,
75,66_51_29,16.113608,D18,
75,54_51_54,15.891359,D18,
75,61_51_30,15.853498,D18,
75,61_51_61,15.656759,D18,
75,61_51_61,15.656759,D18,
75,66_51_66,15.591469,D18,
75,66_51_10,15.209848,D18,
75,66_51_65,15.185630,D18,
75,54_51_4,15.173861,D18,
75,66_51_14,14.777262,PBQx-TF,
75,54_0_0,14.076392,D18,
75,61_66_66,14.054683,D18,
75,66_56_56,13.654925,D18,
75,54_61_61,12.859066,D18,
75,54_23_0,12.304273,D18,
76,0_51_66,16.421011,D18,
76,64_51_66,16.405963,D18,
76,64_51_0,16.352097,D18,
76,61_51_0,16.240479,PBDB-TF,
76,12_51_66,16.236050,D18,
76,54_51_0,16.184240,D18,
76,64_51_9,16.180554,D18,
76,66_51_56,16.161964,D18,
76,61_51_66,16.161934,D18,
76,0_51_29,16.161837,D18,
76,66_51_61,16.150462,D18,
76,12_51_61,16.147512,PBDB-TF,
76,54_51_66,16.135434,D18,
76,66_51_28,16.128192,D18,
76,61_51_10,16.119020,D18,
76,54_51_61,16.115836,D18,
76,64_51_64,16.096771,D18,
76,0_51_0,16.067534,D18,
76,64_51_27,16.033179,D18,
76,64_51_61,15.978183,D18,
76,54_51_54,15.891359,D18,
76,66_51_66,15.591469,D18,
76,0_51_37,15.369774,D18,
76,12_51_12,15.236851,D18,
76,54_51_29,15.086031,D18,
76,54_51_36,15.029494,D18,
76,50_51_9,14.829960,PBQx-TF,
76,12_51_48,14.409489,D18,
76,61_66_66,14.054683,D18,
76,0_8_66,13.566972,PBQx-TF,
76,12_137_61,12.969301,PBB-F,
76,0_61_61,12.824683,PBB-F,
77,0_51_66,16.421011,D18,
77,64_51_66,16.405963,D18,
77,64_51_0,16.352097,D18,
77,61_51_0,16.240479,PBDB-TF,
77,12_51_66,16.236050,D18,
77,54_51_0,16.184240,D18,
77,64_51_9,16.180554,D18,
77,66_51_56,16.161964,D18,
77,61_51_66,16.161934,D18,
77,0_51_29,16.161837,D18,
77,66_51_61,16.150462,D18,
77,12_51_61,16.147512,PBDB-TF,
77,54_51_66,16.135434,D18,
77,66_51_28,16.128192,D18,
77,61_51_10,16.119020,D18,
77,54_51_61,16.115836,D18,
77,66_51_29,16.113608,D18,
77,61_51_9,16.069681,D18,
77,0_51_0,16.067534,D18,
77,0_51_0,16.067534,D18,
77,64_51_61,15.978183,D18,
77,54_51_28,15.956096,D18,
77,0_51_2,15.777955,D18,
77,61_51_61,15.656759,D18,
77,64_51_62,15.641187,D18,
77,64_51_56,15.625368,D18,
77,66_51_66,15.591469,D18,
77,54_51_9,15.377939,D18,
77,54_51_29,15.086031,D18,
77,54_51_10,14.677109,D18,
77,66_29_29,13.229109,D18,
77,12_41_0,12.328888,D18,
78,0_51_66,16.421011,D18,
78,64_51_66,16.405963,D18,
78,64_51_0,16.352097,D18,
78,61_51_0,16.240479,PBDB-TF,
78,12_51_66,16.236050,D18,
78,0_51_27,16.223499,D18,
78,54_51_0,16.184240,D18,
78,64_51_9,16.180554,D18,
78,66_51_56,16.161964,D18,
78,61_51_66,16.161934,D18,
78,0_51_29,16.161837,D18,
78,66_51_61,16.150462,D18,
78,12_51_61,16.147512,PBDB-TF,
78,54_51_66,16.135434,D18,
78,66_51_28,16.128192,D18,
78,61_51_10,16.119020,D18,
78,54_51_61,16.115836,D18,
78,0_51_0,16.067534,D18,
78,54_51_54,15.891359,D18,
78,61_51_27,15.840895,D18,
78,61_51_57,15.779657,D18,
78,61_51_61,15.656759,D18,
78,61_51_49,15.536698,D18,
78,0_51_28,14.729370,D18,
78,0_51_13,14.524353,D18,
78,52_51_66,14.465353,D18,
78,12_0_0,14.198364,D18,
78,61_0_0,14.146453,D18,
78,0_66_66,13.970197,D18,
78,61_56_56,13.473662,D18,
78,12_61_61,12.972719,D18,
78,54_93_61,12.925206,D18,
79,0_51_66,16.421011,D18,
79,64_51_66,16.405963,D18,
79,64_51_0,16.352097,D18,
79,61_51_0,16.240479,PBDB-TF,
79,12_51_66,16.236050,D18,
79,0_51_27,16.223499,D18,
79,54_51_0,16.184240,D18,
79,64_51_9,16.180554,D18,
79,66_51_56,16.161964,D18,
79,61_51_66,16.161934,D18,
79,0_51_29,16.161837,D18,
79,66_51_61,16.150462,D18,
79,12_51_61,16.147512,PBDB-TF,
79,54_51_66,16.135434,D18,
79,66_51_28,16.128192,D18,
79,61_51_10,16.119020,D18,
79,66_51_0,16.110812,D18,
79,66_51_0,16.110812,D18,
79,0_51_9,15.968537,D18,
79,12_51_0,15.853280,D18,
79,64_51_29,15.820432,D18,
79,66_51_66,15.591469,D18,
79,66_51_66,15.591469,D18,
79,66_51_66,15.591469,D18,
79,35_51_66,15.538890,D18,
79,4_51_61,15.390319,D18,
79,54_51_29,15.086031,D18,
79,0_51_10,14.963298,PBQx-TF,
79,64_66_66,14.341071,D18,
79,61_66_66,14.054683,D18,
79,12_88_27,13.357207,D18,
79,66_61_61,12.947336,PBB-F,
80,0_51_66,16.421011,D18,
80,64_51_66,16.405963,D18,
80,64_51_0,16.352097,D18,
80,61_51_0,16.240479,PBDB-TF,
80,12_51_66,16.236050,D18,
80,0_51_27,16.223499,D18,
80,54_51_0,16.184240,D18,
80,64_51_9,16.180554,D18,
80,66_51_56,16.161964,D18,
80,61_51_66,16.161934,D18,
80,0_51_29,16.161837,D18,
80,66_51_61,16.150462,D18,
80,12_51_61,16.147512,PBDB-TF,
80,54_51_66,16.135434,D18,
80,66_51_28,16.128192,D18,
80,61_51_10,16.119020,D18,
80,54_51_61,16.115836,D18,
80,64_51_64,16.096771,D18,
80,64_51_64,16.096771,D18,
80,64_132_66,15.613621,D18,
80,66_51_66,15.591469,D18,
80,66_51_66,15.591469,D18,
80,61_51_28,15.425451,D18,
80,54_51_29,15.086031,D18,
80,66_100_66,15.061250,D18,
80,66_51_19,14.972334,D18,
80,0_51_10,14.963298,PBQx-TF,
80,64_66_66,14.341071,D18,
80,12_114_28,14.235839,D18,
80,54_0_0,14.076392,D18,
80,64_61_61,13.007319,PBB-F,
80,61_55_61,12.798178,D18,
81,0_51_66,16.421011,D18,
81,64_51_66,16.405963,D18,
81,64_51_0,16.352097,D18,
81,61_51_0,16.240479,PBDB-TF,
81,12_51_66,16.236050,D18,
81,0_51_27,16.223499,D18,
81,54_51_0,16.184240,D18,
81,64_51_9,16.180554,D18,
81,66_51_56,16.161964,D18,
81,61_51_66,16.161934,D18,
81,0_51_29,16.161837,D18,
81,66_51_61,16.150462,D18,
81,12_51_61,16.147512,PBDB-TF,
81,54_51_66,16.135434,D18,
81,66_51_28,16.128192,D18,
81,61_51_10,16.119020,D18,
81,64_51_64,16.096771,D18,
81,0_51_0,16.067534,D18,
81,0_51_9,15.968537,D18,
81,54_51_54,15.891359,D18,
81,54_51_54,15.891359,D18,
81,61_51_56,15.803044,D18,
81,66_132_28,15.503320,D18,
81,12_51_28,15.473840,D18,
81,12_51_29,15.423136,D18,
81,12_51_12,15.236851,D18,
81,64_51_17,15.185856,D18,
81,20_51_56,14.421826,D18,
81,61_129_66,12.897223,PBB-F,
81,0_9_9,12.868138,D18,
81,54_10_10,12.836304,D18,
81,64_9_9,12.806935,D18,
82,0_51_66,16.421011,D18,
82,64_51_66,16.405963,D18,
82,64_51_0,16.352097,D18,
82,61_51_0,16.240479,PBDB-TF,
82,12_51_66,16.236050,D18,
82,0_51_27,16.223499,D18,
82,54_51_0,16.184240,D18,
82,64_51_9,16.180554,D18,
82,66_51_56,16.161964,D18,
82,61_51_66,16.161934,D18,
82,0_51_29,16.161837,D18,
82,66_51_61,16.150462,D18,
82,12_51_61,16.147512,PBDB-TF,
82,54_51_66,16.135434,D18,
82,66_51_28,16.128192,D18,
82,61_51_10,16.119020,D18,
82,66_51_0,16.110812,D18,
82,61_51_29,15.902717,PBDB-TF,
82,0_51_56,15.900388,D18,
82,12_51_0,15.853280,D18,
82,61_51_27,15.840895,D18,
82,61_51_56,15.803044,D18,
82,61_51_61,15.656759,D18,
82,61_51_61,15.656759,D18,
82,61_51_61,15.656759,D18,
82,61_51_32,15.505868,D18,
82,12_51_60,15.195059,D18,
82,54_51_14,14.923487,D18,
82,12_66_66,14.146338,D18,
82,54_0_0,14.076392,D18,
82,66_43_61,13.296459,D18,
82,0_27_27,12.405615,D18,
83,0_51_66,16.421011,D18,
83,64_51_66,16.405963,D18,
83,64_51_0,16.352097,D18,
83,61_51_0,16.240479,PBDB-TF,
83,12_51_66,16.236050,D18,
83,0_51_27,16.223499,D18,
83,54_51_0,16.184240,D18,
83,64_51_9,16.180554,D18,
83,66_51_56,16.161964,D18,
83,61_51_66,16.161934,D18,
83,0_51_29,16.161837,D18,
83,66_51_61,16.150462,D18,
83,12_51_61,16.147512,PBDB-TF,
83,54_51_66,16.135434,D18,
83,66_51_28,16.128192,D18,
83,61_51_10,16.119020,D18,
83,64_51_64,16.096771,D18,
83,54_51_28,15.956096,D18,
83,12_51_0,15.853280,D18,
83,12_51_0,15.853280,D18,
83,41_51_66,15.711515,D18,
83,66_51_66,15.591469,D18,
83,66_51_66,15.591469,D18,
83,0_51_24,15.413912,D18,
83,0_51_53,14.766312,D18,
83,64_66_66,14.341071,D18,
83,54_66_66,14.157855,D18,
83,64_73_9,13.518012,D18,
83,66_43_61,13.296459,D18,
83,54_29_29,13.034996,PBQx-TF,
83,12_61_61,12.972719,D18,
83,61_5_29,12.596091,D18,
84,0_51_66,16.421011,D18,
84,64_51_66,16.405963,D18,
84,64_51_0,16.352097,D18,
84,61_51_0,16.240479,PBDB-TF,
84,12_51_66,16.236050,D18,
84,0_51_27,16.223499,D18,
84,54_51_0,16.184240,D18,
84,64_51_9,16.180554,D18,
84,66_51_56,16.161964,D18,
84,61_51_66,16.161934,D18,
84,0_51_29,16.161837,D18,
84,66_51_61,16.150462,D18,
84,12_51_61,16.147512,PBDB-TF,
84,54_51_66,16.135434,D18,
84,66_51_28,16.128192,D18,
84,61_51_10,16.119020,D18,
84,66_51_29,16.113608,D18,
84,64_51_64,16.096771,D18,
84,0_51_0,16.067534,D18,
84,64_51_61,15.978183,D18,
84,66_51_33,15.902925,D18,
84,61_51_29,15.902717,PBDB-TF,
84,12_51_0,15.853280,D18,
84,64_51_29,15.820432,D18,
84,61_51_61,15.656759,D18,
84,66_51_66,15.591469,D18,
84,66_51_66,15.591469,D18,
84,54_66_66,14.157855,D18,
84,64_85_9,13.707637,D18,
84,66_111_28,12.964718,D18,
84,64_7_66,12.914818,PBQx-TF,
84,61_27_27,12.478621,D18,
85,0_51_66,16.421011,D18,
85,64_51_66,16.405963,D18,
85,64_51_0,16.352097,D18,
85,61_51_0,16.240479,PBDB-TF,
85,12_51_66,16.236050,D18,
85,0_51_27,16.223499,D18,
85,54_51_0,16.184240,D18,
85,64_51_9,16.180554,D18,
85,66_51_56,16.161964,D18,
85,61_51_66,16.161934,D18,
85,0_51_29,16.161837,D18,
85,66_51_61,16.150462,D18,
85,12_51_61,16.147512,PBDB-TF,
85,54_51_66,16.135434,D18,
85,66_51_28,16.128192,D18,
85,61_51_10,16.119020,D18,
85,64_51_11,15.997960,D18,
85,61_51_29,15.902717,PBDB-TF,
85,64_51_28,15.834367,D18,
85,64_51_29,15.820432,D18,
85,61_51_61,15.656759,D18,
85,66_51_66,15.591469,D18,
85,66_51_9,15.324890,D18,
85,12_51_12,15.236851,D18,
85,12_51_12,15.236851,D18,
85,7_51_10,14.788328,PBQx-TF,
85,14_51_66,14.711271,D18,
85,12_51_10,14.549467,D18,
85,12_51_10,14.549467,D18,
85,12_0_0,14.198364,D18,
85,66_82_56,13.037539,PBB-F,
85,0_27_27,12.405615,D18,
86,0_51_66,16.421011,D18,
86,64_51_66,16.405963,D18,
86,64_51_0,16.352097,D18,
86,61_51_0,16.240479,PBDB-TF,
86,12_51_66,16.236050,D18,
86,0_51_27,16.223499,D18,
86,54_51_0,16.184240,D18,
86,64_51_9,16.180554,D18,
86,66_51_56,16.161964,D18,
86,61_51_66,16.161934,D18,
86,0_51_29,16.161837,D18,
86,66_51_61,16.150462,D18,
86,12_51_61,16.147512,PBDB-TF,
86,54_51_66,16.135434,D18,
86,66_51_28,16.128192,D18,
86,61_51_10,16.119020,D18,
86,0_51_0,16.067534,D18,
86,54_51_28,15.956096,D18,
86,12_51_0,15.853280,D18,
86,27_51_66,15.773567,D18,
86,66_51_66,15.591469,D18,
86,66_51_66,15.591469,D18,
86,66_51_66,15.591469,D18,
86,0_51_51,15.425211,D18,
86,0_51_36,15.335980,D18,
86,2_51_66,15.324445,PBQx-TF,
86,12_51_12,15.236851,D18,
86,61_51_21,14.523458,D18,
86,61_136_66,13.606412,D18,
86,64_137_9,13.046944,D18,
86,12_61_61,12.972719,D18,
86,61_10_10,12.895258,D18,
87,0_51_66,16.421011,D18,
87,64_51_66,16.405963,D18,
87,64_51_0,16.352097,D18,
87,66_51_27,16.287313,D18,
87,61_51_0,16.240479,PBDB-TF,
87,12_51_66,16.236050,D18,
87,0_51_27,16.223499,D18,
87,54_51_0,16.184240,D18,
87,64_51_9,16.180554,D18,
87,66_51_56,16.161964,D18,
87,61_51_66,16.161934,D18,
87,0_51_29,16.161837,D18,
87,66_51_61,16.150462,D18,
87,12_51_61,16.147512,PBDB-TF,
87,54_51_66,16.135434,D18,
87,66_51_28,16.128192,D18,
87,61_51_10,16.119020,D18,
87,64_51_27,16.033179,D18,
87,64_51_27,16.033179,D18,
87,61_51_2,15.902485,D18,
87,54_51_54,15.891359,D18,
87,11_51_66,15.875801,D18,
87,66_51_66,15.591469,D18,
87,66_51_66,15.591469,D18,
87,0_51_31,15.582241,D18,
87,61_51_28,15.425451,D18,
87,66_51_10,15.209848,D18,
87,8_51_9,15.163423,PBQx-TF,
87,64_51_2,14.901857,D18,
87,64_51_10,14.749627,PBQx-TF,
87,66_56_56,13.654925,D18,
87,0_7_61,12.679317,PBB-F,
88,0_51_66,16.421011,D18,
88,64_51_66,16.405963,D18,
88,64_51_0,16.352097,D18,
88,66_51_27,16.287313,D18,
88,61_51_0,16.240479,PBDB-TF,
88,12_51_66,16.236050,D18,
88,0_51_27,16.223499,D18,
88,54_51_0,16.184240,D18,
88,64_51_9,16.180554,D18,
88,66_51_56,16.161964,D18,
88,61_51_66,16.161934,D18,
88,0_51_29,16.161837,D18,
88,66_51_61,16.150462,D18,
88,12_51_61,16.147512,PBDB-TF,
88,54_51_66,16.135434,D18,
88,66_51_28,16.128192,D18,
88,0_51_33,16.075084,D18,
88,45_51_0,15.966412,D18,
88,54_51_28,15.956096,D18,
88,61_51_61,15.656759,D18,
88,61_51_61,15.656759,D18,
88,61_51_61,15.656759,D18,
88,66_51_66,15.591469,D18,
88,61_51_28,15.425451,D18,
88,4_51_61,15.390319,D18,
88,54_51_9,15.377939,D18,
88,66_51_9,15.324890,D18,
88,64_51_31,14.844624,D18,
88,60_51_29,14.775288,PBQx-TF,
88,12_66_66,14.146338,D18,
88,64_31_9,13.576974,D18,
88,66_9_9,13.201788,D18,
89,0_51_66,16.421011,D18,
89,64_51_66,16.405963,D18,
89,64_51_0,16.352097,D18,
89,66_51_27,16.287313,D18,
89,61_51_0,16.240479,PBDB-TF,
89,12_51_66,16.236050,D18,
89,0_51_27,16.223499,D18,
89,54_51_0,16.184240,D18,
89,64_51_9,16.180554,D18,
89,66_51_56,16.161964,D18,
89,61_51_66,16.161934,D18,
89,0_51_29,16.161837,D18,
89,66_51_61,16.150462,D18,
89,12_51_61,16.147512,PBDB-TF,
89,54_51_66,16.135434,D18,
89,66_51_28,16.128192,D18,
89,66_51_0,16.110812,D18,
89,0_51_61,16.097448,PBDB-TF,
89,64_51_64,16.096771,D18,
89,0_51_33,16.075084,D18,
89,12_51_0,15.853280,D18,
89,61_51_27,15.840895,D18,
89,64_51_28,15.834367,D18,
89,12_51_9,15.630058,D18,
89,0_51_15,15.628809,D18,
89,66_51_66,15.591469,D18,
89,12_51_12,15.236851,D18,
89,12_51_12,15.236851,D18,
89,50_51_27,14.671142,PBQx-TF,
89,0_56_56,13.587605,D18,
89,0_25_66,12.718499,D18,
89,12_27_27,12.637183,D18,
90,0_51_66,16.421011,D18,
90,64_51_66,16.405963,D18,
90,64_51_0,16.352097,D18,
90,66_51_27,16.287313,D18,
90,61_51_0,16.240479,PBDB-TF,
90,12_51_66,16.236050,D18,
90,0_51_27,16.223499,D18,
90,54_51_0,16.184240,D18,
90,64_51_9,16.180554,D18,
90,66_51_56,16.161964,D18,
90,61_51_66,16.161934,D18,
90,0_51_29,16.161837,D18,
90,66_51_61,16.150462,D18,
90,12_51_61,16.147512,PBDB-TF,
90,54_51_66,16.135434,D18,
90,66_51_28,16.128192,D18,
90,0_51_61,16.097448,PBDB-TF,
90,64_51_64,16.096771,D18,
90,0_51_0,16.067534,D18,
90,0_51_0,16.067534,D18,
90,64_51_27,16.033179,D18,
90,61_51_29,15.902717,PBDB-TF,
90,54_51_54,15.891359,D18,
90,64_115_66,15.842465,D18,
90,66_51_66,15.591469,D18,
90,61_130_9,15.308819,D18,
90,66_132_56,15.166749,D18,
90,61_51_31,15.165115,D18,
90,32_51_66,15.128528,D18,
90,0_51_28,14.729370,D18,
90,64_0_0,14.405002,D18,
90,61_66_66,14.054683,D18,
91,0_51_66,16.421011,D18,
91,64_51_66,16.405963,D18,
91,64_51_0,16.352097,D18,
91,66_51_27,16.287313,D18,
91,61_51_0,16.240479,PBDB-TF,
91,12_51_66,16.236050,D18,
91,0_51_27,16.223499,D18,
91,54_51_0,16.184240,D18,
91,64_51_9,16.180554,D18,
91,66_51_56,16.161964,D18,
91,61_51_66,16.161934,D18,
91,0_51_29,16.161837,D18,
91,66_51_61,16.150462,D18,
91,12_51_61,16.147512,PBDB-TF,
91,54_51_66,16.135434,D18,
91,66_51_28,16.128192,D18,
91,0_51_61,16.097448,PBDB-TF,
91,64_51_64,16.096771,D18,
91,0_51_0,16.067534,D18,
91,0_51_0,16.067534,D18,
91,54_51_54,15.891359,D18,
91,12_51_0,15.853280,D18,
91,68_51_61,15.728367,D18,
91,61_51_61,15.656759,D18,
91,12_51_12,15.236851,D18,
91,67_51_66,15.037929,D18,
91,52_51_0,14.982054,D18,
91,0_107_27,14.881369,D18,
91,0_51_28,14.729370,D18,
91,12_0_0,14.198364,D18,
91,12_28_28,12.781360,D18,
91,0_27_27,12.405615,D18,
92,0_51_66,16.421011,D18,
92,64_51_66,16.405963,D18,
92,64_51_0,16.352097,D18,
92,66_51_27,16.287313,D18,
92,61_51_0,16.240479,PBDB-TF,
92,12_51_66,16.236050,D18,
92,0_51_27,16.223499,D18,
92,54_51_0,16.184240,D18,
92,64_51_9,16.180554,D18,
92,66_51_56,16.161964,D18,
92,61_51_66,16.161934,D18,
92,0_51_29,16.161837,D18,
92,66_51_61,16.150462,D18,
92,12_51_61,16.147512,PBDB-TF,
92,54_51_66,16.135434,D18,
92,66_51_28,16.128192,D18,
92,66_51_0,16.110812,D18,
92,0_51_0,16.067534,D18,
92,46_51_66,15.788169,D18,
92,0_51_65,15.782385,D18,
92,43_51_61,15.607575,D18,
92,28_51_27,15.430300,D18,
92,0_51_37,15.369774,D18,
92,64_108_9,15.314423,D18,
92,12_0_0,14.198364,D18,
92,64_61_61,13.007319,PBB-F,
92,12_61_61,12.972719,D18,
92,66_124_27,12.905939,PBQx-TF,
92,66_28_28,12.833492,D18,
92,66_16_56,12.729632,PBB-F,
92,0_53_27,12.621429,PBB-F,
92,64_27_27,12.477432,D18,
93,0_51_66,16.421011,D18,
93,64_51_66,16.405963,D18,
93,64_51_0,16.352097,D18,
93,66_51_27,16.287313,D18,
93,61_51_0,16.240479,PBDB-TF,
93,12_51_66,16.236050,D18,
93,0_51_27,16.223499,D18,
93,54_51_0,16.184240,D18,
93,64_51_9,16.180554,D18,
93,66_51_56,16.161964,D18,
93,61_51_66,16.161934,D18,
93,0_51_29,16.161837,D18,
93,66_51_61,16.150462,D18,
93,12_51_61,16.147512,PBDB-TF,
93,54_51_66,16.135434,D18,
93,66_51_28,16.128192,D18,
93,54_51_61,16.115836,D18,
93,64_51_64,16.096771,D18,
93,64_51_64,16.096771,D18,
93,0_51_0,16.067534,D18,
93,64_51_33,15.939521,D18,
93,54_51_27,15.858758,D18,
93,66_51_9,15.324890,D18,
93,39_51_9,15.117980,PBQx-TF,
93,54_51_29,15.086031,D18,
93,54_0_0,14.076392,D18,
93,0_66_66,13.970197,D18,
93,0_66_66,13.970197,D18,
93,64_136_66,13.704127,D18,
93,61_20_66,12.921984,PBB-F,
93,64_9_9,12.806935,D18,
93,66_87_56,12.727012,PBB-F,
94,0_51_66,16.421011,D18,
94,64_51_66,16.405963,D18,
94,64_51_0,16.352097,D18,
94,66_51_27,16.287313,D18,
94,61_51_0,16.240479,PBDB-TF,
94,12_51_66,16.236050,D18,
94,0_51_27,16.223499,D18,
94,54_51_0,16.184240,D18,
94,64_51_9,16.180554,D18,
94,66_51_56,16.161964,D18,
94,61_51_66,16.161934,D18,
94,0_51_29,16.161837,D18,
94,66_51_61,16.150462,D18,
94,12_51_61,16.147512,PBDB-TF,
94,54_51_66,16.135434,D18,
94,66_51_28,16.128192,D18,
94,66_51_0,16.110812,D18,
94,0_51_12,16.109593,D18,
94,0_51_61,16.097448,PBDB-TF,
94,64_51_61,15.978183,D18,
94,0_51_9,15.968537,D18,
94,0_51_47,15.605180,D18,
94,66_51_66,15.591469,D18,
94,66_51_66,15.591469,D18,
94,66_51_66,15.591469,D18,
94,66_51_66,15.591469,D18,
94,12_51_27,15.582471,PBQx-TF,
94,66_51_14,14.777262,PBQx-TF,
94,44_51_29,14.662299,PBQx-TF,
94,0_77_27,13.081851,D18,
94,12_61_61,12.972719,D18,
94,54_102_61,12.629848,D18,
95,0_51_66,16.421011,D18,
95,64_51_66,16.405963,D18,
95,33_51_66,16.363454,D18,
95,64_51_0,16.352097,D18,
95,66_51_27,16.287313,D18,
95,61_51_0,16.240479,PBDB-TF,
95,12_51_66,16.236050,D18,
95,0_51_27,16.223499,D18,
95,54_51_0,16.184240,D18,
95,64_51_9,16.180554,D18,
95,66_51_56,16.161964,D18,
95,61_51_66,16.161934,D18,
95,0_51_29,16.161837,D18,
95,66_51_61,16.150462,D18,
95,12_51_61,16.147512,PBDB-TF,
95,54_51_66,16.135434,D18,
95,66_51_28,16.128192,D18,
95,64_51_64,16.096771,D18,
95,64_51_64,16.096771,D18,
95,61_51_27,15.840895,D18,
95,0_51_57,15.662160,D18,
95,61_51_61,15.656759,D18,
95,5_51_56,15.611041,D18,
95,66_51_66,15.591469,D18,
95,12_51_27,15.582471,PBQx-TF,
95,12_51_28,15.473840,D18,
95,64_51_38,15.425315,D18,
95,32_51_66,15.128528,D18,
95,54_51_29,15.086031,D18,
95,66_61_61,12.947336,PBB-F,
95,12_41_66,12.617766,P1_yang,
95,0_27_27,12.405615,D18,
96,0_51_66,16.421011,D18,
96,64_51_66,16.405963,D18,
96,33_51_66,16.363454,D18,
96,64_51_0,16.352097,D18,
96,66_51_27,16.287313,D18,
96,61_51_0,16.240479,PBDB-TF,
96,12_51_66,16.236050,D18,
96,0_51_27,16.223499,D18,
96,54_51_0,16.184240,D18,
96,64_51_9,16.180554,D18,
96,66_51_56,16.161964,D18,
96,61_51_66,16.161934,D18,
96,0_51_29,16.161837,D18,
96,66_51_61,16.150462,D18,
96,12_51_61,16.147512,PBDB-TF,
96,54_51_66,16.135434,D18,
96,54_51_61,16.115836,D18,
96,66_51_0,16.110812,D18,
96,0_51_0,16.067534,D18,
96,0_51_64,16.051220,D18,
96,33_51_56,15.950438,D18,
96,54_51_54,15.891359,D18,
96,65_51_66,15.824447,D18,
96,64_51_56,15.625368,D18,
96,66_51_66,15.591469,D18,
96,54_51_29,15.086031,D18,
96,66_51_58,15.075585,D18,
96,55_51_0,14.916207,D18,
96,52_51_66,14.465353,D18,
96,64_0_0,14.405002,D18,
96,61_66_66,14.054683,D18,
96,33_136_56,13.383666,D18,
97,0_51_66,16.421011,D18,
97,64_51_66,16.405963,D18,
97,33_51_66,16.363454,D18,
97,64_51_0,16.352097,D18,
97,66_51_27,16.287313,D18,
97,61_51_0,16.240479,PBDB-TF,
97,12_51_66,16.236050,D18,
97,0_51_27,16.223499,D18,
97,54_51_0,16.184240,D18,
97,64_51_9,16.180554,D18,
97,66_51_56,16.161964,D18,
97,61_51_66,16.161934,D18,
97,0_51_29,16.161837,D18,
97,66_51_61,16.150462,D18,
97,12_51_61,16.147512,PBDB-TF,
97,54_51_66,16.135434,D18,
97,64_51_64,16.096771,D18,
97,64_51_64,16.096771,D18,
97,64_51_27,16.033179,D18,
97,33_51_0,15.992483,D18,
97,66_51_63,15.985771,D18,
97,54_51_54,15.891359,D18,
97,12_51_0,15.853280,D18,
97,12_51_0,15.853280,D18,
97,66_51_55,15.830055,D18,
97,12_51_27,15.582471,PBQx-TF,
97,8_51_66,15.405769,D18,
97,2_51_66,15.324445,PBQx-TF,
97,42_51_29,14.594656,PBQx-TF,
97,48_51_66,14.297481,PBQx-TF,
97,66_61_61,12.947336,PBB-F,
97,61_124_0,12.904827,PBQx-TF,
98,0_51_66,16.421011,D18,
98,64_51_66,16.405963,D18,
98,33_51_66,16.363454,D18,
98,64_51_0,16.352097,D18,
98,66_51_27,16.287313,D18,
98,61_51_0,16.240479,PBDB-TF,
98,12_51_66,16.236050,D18,
98,0_51_27,16.223499,D18,
98,54_51_0,16.184240,D18,
98,64_51_9,16.180554,D18,
98,66_51_56,16.161964,D18,
98,61_51_66,16.161934,D18,
98,0_51_29,16.161837,D18,
98,66_51_61,16.150462,D18,
98,12_51_61,16.147512,PBDB-TF,
98,54_51_66,16.135434,D18,
98,54_51_61,16.115836,D18,
98,66_51_0,16.110812,D18,
98,0_51_0,16.067534,D18,
98,0_51_0,16.067534,D18,
98,64_51_61,15.978183,D18,
98,0_51_68,15.744901,D18,
98,66_24_56,15.639781,D18,
98,64_51_56,15.625368,D18,
98,66_51_66,15.591469,D18,
98,54_51_56,15.587388,D18,
98,61_51_41,15.294477,D18,
98,37_51_27,15.221402,D18,
98,61_51_7,15.026582,D18,
98,64_0_0,14.405002,D18,
98,33_66_66,14.145635,D18,
98,33_56_56,13.833665,D18,
99,0_51_66,16.421011,D18,
99,64_51_66,16.405963,D18,
99,33_51_66,16.363454,D18,
99,64_51_0,16.352097,D18,
99,66_51_27,16.287313,D18,
99,61_51_0,16.240479,PBDB-TF,
99,12_51_66,16.236050,D18,
99,0_51_27,16.223499,D18,
99,54_51_0,16.184240,D18,
99,64_51_9,16.180554,D18,
99,66_51_56,16.161964,D18,
99,61_51_66,16.161934,D18,
99,0_51_29,16.161837,D18,
99,66_51_61,16.150462,D18,
99,12_51_61,16.147512,PBDB-TF,
99,54_51_66,16.135434,D18,
99,64_51_64,16.096771,D18,
99,0_51_0,16.067534,D18,
99,64_51_27,16.033179,D18,
99,1_51_56,15.958680,D18,
99,54_51_27,15.858758,D18,
99,61_51_61,15.656759,D18,
99,61_51_61,15.656759,D18,
99,66_51_66,15.591469,D18,
99,66_51_66,15.591469,D18,
99,0_51_18,15.520337,PBDB-TF,
99,36_51_0,15.446305,PBQx-TF,
99,12_51_12,15.236851,D18,
99,64_0_0,14.405002,D18,
99,10_51_27,14.214790,PBQx-TF,
99,61_66_66,14.054683,D18,
99,64_84_27,12.402728,PBB-F,
100,0_51_66,16.421011,D18,
100,64_51_66,16.405963,D18,
100,33_51_66,16.363454,D18,
100,64_51_0,16.352097,D18,
100,66_51_27,16.287313,D18,
100,61_51_0,16.240479,PBDB-TF,
100,12_51_66,16.236050,D18,
100,0_51_27,16.223499,D18,
100,54_51_0,16.184240,D18,
100,64_51_9,16.180554,D18,
100,66_51_56,16.161964,D18,
100,61_51_66,16.161934,D18,
100,0_51_29,16.161837,D18,
100,66_51_61,16.150462,D18,
100,12_51_61,16.147512,PBDB-TF,
100,54_51_66,16.135434,D18,
100,64_51_64,16.096771,D18,
100,64_51_64,16.096771,D18,
100,0_51_0,16.067534,D18,
100,0_51_0,16.067534,D18,
100,0_51_0,16.067534,D18,
100,33_51_61,15.815519,D18,
100,66_51_66,15.591469,D18,
100,64_126_27,15.555954,D18,
100,0_51_38,15.451682,D18,
100,66_51_18,15.313453,D18,
100,12_51_12,15.236851,D18,
100,54_51_44,14.973382,D18,
100,64_66_66,14.341071,D18,
100,61_0_0,14.146453,D18,
100,33_66_66,14.145635,D18,
100,66_111_27,12.948118,D18,
