gen,max_abs,min_abs,med_abs,min_overlap,max_overlap,med_overlap,min_score,med_score,max_score
1,914.2435708664273,972.8269331203336,940.9553863146136,1031.321023563095,662.0409851176091,836.5305379560217,-58.494090442761376,104.42484835859193,252.20258574881814
2,914.2435708664273,988.5416305262271,848.4486526459476,972.9009115179689,662.0409851176091,693.7856611322688,15.640719008258202,154.66299151367878,252.20258574881814
3,712.5109663788362,884.1945207487861,832.9511082287806,812.130490354773,457.7597275849917,643.525806533358,72.06403039401312,189.4253016954226,254.7512387938445
4,702.6079931987908,923.9627380007526,833.3597198190298,836.0180410952763,441.38452949630766,631.9378375918764,87.94469690547623,201.42188222715345,261.2234637024832
5,702.6079931987908,914.9603873752891,870.888238783405,823.7266727683628,441.38452949630766,661.1054652226896,91.23371460692624,209.78277356071533,261.2234637024832
6,726.3716401445611,902.2355126581419,827.8443632992983,831.5915955451876,435.00757240867694,607.0442074289496,70.64391711295434,220.8001558703487,291.36406773588413
7,726.3716401445611,958.4786454579946,698.0005443858607,985.4032486122918,435.00757240867694,456.3717511167967,-26.924603154297188,241.62879326906403,291.36406773588413
8,726.3716401445611,871.8357863402441,674.5738358242119,797.7197868498232,435.00757240867694,425.74815686985136,74.1159994904209,248.8256789543605,291.36406773588413
9,743.5980132597509,913.8076809569485,715.2269175010508,786.6684440484753,448.33406731175916,461.2784353446104,127.13923690847321,253.94848215644043,295.2639459479918
10,743.5980132597509,974.6492319690271,665.8511770235756,902.1622339235223,448.33406731175916,409.34050471158173,72.48699804550483,256.51067231199386,295.2639459479918
11,743.5980132597509,914.7107771763959,816.4541395587061,790.3981554921355,448.33406731175916,553.8850954657572,124.31262168426042,262.56904409294884,295.2639459479918
12,743.5980132597509,843.4500009007594,682.305847349606,720.25828612992,448.33406731175916,415.52403650972417,123.19171477083944,266.7818108398818,295.2639459479918
13,870.3961584041375,860.1339271372568,719.834366313981,745.3110372365376,573.839045341151,448.69288320369384,114.82288990071925,271.1414831102872,296.55711306298656
14,870.3961584041375,928.8398013583912,682.3788859805966,838.6996328996615,573.839045341151,410.7900439021459,90.1401684587297,271.5888420784507,296.55711306298656
15,870.3961584041375,938.2343652185784,772.4497641735477,846.7291373091068,573.839045341151,499.68738374756344,91.50522790947161,272.76238042598425,296.55711306298656
16,870.3961584041375,951.7033317303194,743.8923998200619,807.4923046714606,573.839045341151,470.72236184564963,144.2110270588588,273.17003797441225,296.55711306298656
17,806.7111025604888,918.5031820509963,682.6386537856325,826.2860631380211,490.18722460425744,409.4648549124284,92.21711891297525,273.17379887320413,316.5238779562314
18,806.7111025604888,894.7477227220515,898.7259331632447,769.4518280727702,490.18722460425744,623.6122336904368,125.29589464928131,275.11369947280787,316.5238779562314
19,860.3470620994625,881.6035113357161,768.7025845611093,746.8179388246081,540.9033382900453,488.0570979084645,134.78557251110806,280.6454866526448,319.4437238094172
20,860.3470620994625,931.3615990814191,768.7025845611093,905.0506148092328,540.9033382900453,488.0570979084645,26.31098427218626,280.6454866526448,319.4437238094172
21,860.3470620994625,956.9346250455368,745.7699021807085,889.479372583791,540.9033382900453,463.3625114302176,67.45525246174577,282.40739075049095,319.4437238094172
22,860.3470620994625,1048.9902219109752,785.3653562254894,984.9244610110384,540.9033382900453,500.2559858872652,64.06576089993678,285.10937033822427,319.4437238094172
23,860.3470620994625,1062.9792660680077,785.3653562254894,1014.1027920317878,540.9033382900453,500.2559858872652,48.876474036219975,285.10937033822427,319.4437238094172
24,860.3470620994625,955.8733067056804,785.3653562254894,883.6927802236983,540.9033382900453,500.2559858872652,72.18052648198216,285.10937033822427,319.4437238094172
25,860.3470620994625,884.439587069268,785.3653562254894,788.8730767582476,540.9033382900453,500.2559858872652,95.56651031102035,285.10937033822427,319.4437238094172
26,860.3470620994625,932.4379378189848,785.3653562254894,832.1246457754353,540.9033382900453,500.2559858872652,100.3132920435495,285.10937033822427,319.4437238094172
27,860.3470620994625,829.1383125645782,785.9289576762993,719.9358089683291,540.9033382900453,500.24944454438725,109.20250359624913,285.6795131319121,319.4437238094172
28,860.3470620994625,820.3590871446373,785.9289576762993,712.816528518482,540.9033382900453,500.24944454438725,107.54255862615537,285.6795131319121,319.4437238094172
29,860.3470620994625,869.4254595873364,762.9962752958987,714.859761167904,540.9033382900453,477.1162225622647,154.56569841943235,285.88005273363405,319.4437238094172
30,860.3470620994625,889.6750704079354,689.9620537207774,767.8674758026518,540.9033382900453,403.2652229065396,121.80759460528361,286.6968308142378,319.4437238094172
31,860.3470620994625,936.8012763623781,667.4117928085568,815.0706244483333,540.9033382900453,378.77371186816015,121.73065191404476,288.63808094039666,319.4437238094172
32,860.3470620994625,930.4916200741715,865.8919858276914,864.2810816026113,540.9033382900453,574.3678343218803,66.2105384715602,291.5241515058111,319.4437238094172
33,860.3470620994625,854.4794942554746,865.8919858276914,714.8631057439017,540.9033382900453,574.3678343218803,139.61638851157295,291.5241515058111,319.4437238094172
34,860.3470620994625,840.534814355612,865.8919858276914,760.461170609316,540.9033382900453,574.3678343218803,80.07364374629594,291.5241515058111,319.4437238094172
35,860.3470620994625,873.342118717629,784.8132570018095,780.9598458816414,540.9033382900453,493.12301269016564,92.38227283598758,291.6902443116438,319.4437238094172
36,860.3470620994625,917.5199055109376,856.3949887466964,796.1509110284544,540.9033382900453,563.4025929698832,121.36899448248323,292.99239577681317,319.4437238094172
37,860.3470620994625,964.0512591855193,856.3949887466964,913.2560253215763,540.9033382900453,563.4025929698832,50.79523386394294,292.99239577681317,319.4437238094172
38,860.3470620994625,855.1979625737083,856.3949887466964,731.3368855302037,540.9033382900453,563.4025929698832,123.86107704350457,292.99239577681317,319.4437238094172
39,860.3470620994625,941.1318420399582,856.3949887466964,844.1106359606428,540.9033382900453,563.4025929698832,97.02120607931545,292.99239577681317,319.4437238094172
40,860.3470620994625,937.9303777025625,902.6780065160108,853.2338133886647,540.9033382900453,608.6991103893337,84.69656431389785,293.9788961266771,319.4437238094172
41,860.3470620994625,937.0271745612778,902.6780065160108,851.5118233394531,540.9033382900453,608.6991103893337,85.51535122182463,293.9788961266771,319.4437238094172
42,860.3470620994625,817.0458969832277,902.6780065160108,716.8445034670274,540.9033382900453,608.6991103893337,100.20139351620037,293.9788961266771,319.4437238094172
43,860.3470620994625,883.8669574292824,870.3961584041375,801.7968989697699,540.9033382900453,573.839045341151,82.07005845951244,296.55711306298656,319.4437238094172
44,860.3470620994625,924.2796701115568,802.7590292077227,819.9746157501345,540.9033382900453,506.1095750872072,104.30505436142232,296.64945412051554,319.4437238094172
45,860.3470620994625,918.6501550107595,802.7590292077227,828.2494810483472,540.9033382900453,506.1095750872072,90.40067396241227,296.64945412051554,319.4437238094172
46,860.3470620994625,966.4574151505824,802.7590292077227,883.0159989961342,540.9033382900453,506.1095750872072,83.44141615444823,296.64945412051554,319.4437238094172
47,860.3470620994625,982.8697667262517,802.7590292077227,952.8158927052591,540.9033382900453,506.1095750872072,30.053874020992566,296.64945412051554,319.4437238094172
48,860.3470620994625,879.1901547122683,875.2411515591642,788.2943801274489,540.9033382900453,578.18048407128,90.89577458481938,297.0606674878842,319.4437238094172
49,860.3470620994625,871.660255266903,875.2411515591642,749.6524658812813,540.9033382900453,578.18048407128,122.00778938562178,297.0606674878842,319.4437238094172
50,860.3470620994625,927.774089948956,875.2411515591642,827.3224555505495,540.9033382900453,578.18048407128,100.45163439840644,297.0606674878842,319.4437238094172
51,860.3470620994625,958.1847467155899,819.0349637190682,804.2987675388349,540.9033382900453,521.8094297405855,153.88597917675497,297.22553397848264,319.4437238094172
52,860.3470620994625,902.1600798601265,819.0349637190682,817.6473989379175,540.9033382900453,521.8094297405855,84.51268092220903,297.22553397848264,319.4437238094172
53,771.0550229594988,867.1635022145845,792.9635976050821,736.6634090081583,450.8756773459661,495.52410293386527,130.5000932064262,297.43949467121683,320.17934561353275
54,771.0550229594988,983.427530566305,858.2771023252608,937.7477012077617,450.8756773459661,559.6377117596327,45.679829358543316,298.6393905656281,320.17934561353275
55,771.0550229594988,802.8642020496283,858.2771023252608,657.4013872659804,450.8756773459661,559.6377117596327,145.4628147836479,298.6393905656281,320.17934561353275
56,771.0550229594988,985.080148244501,858.2771023252608,887.4058128221077,450.8756773459661,559.6377117596327,97.67433542239326,298.6393905656281,320.17934561353275
57,771.0550229594988,953.6846347259069,858.2771023252608,871.0418867163477,450.8756773459661,559.6377117596327,82.64274800955923,298.6393905656281,320.17934561353275
58,771.0550229594988,888.9750213610954,925.6649427722776,776.7096174349695,450.8756773459661,626.4490862189508,112.26540392612594,299.21585655332683,320.17934561353275
59,794.6873842935648,906.6342964375407,870.5431313639007,796.740039652473,441.43669950703776,570.6818408211662,109.89425678506768,299.8612905427344,353.2506847865271
60,794.6873842935648,907.7072647426306,988.3143259714845,835.0251789937884,441.43669950703776,688.2637814363977,72.68208574884227,300.05054453508683,353.2506847865271
61,794.6873842935648,976.3328870816845,988.3143259714845,904.3984190713707,441.43669950703776,688.2637814363977,71.93446801031382,300.05054453508683,353.2506847865271
62,794.6873842935648,866.1458050408055,988.3143259714845,724.1538615806248,441.43669950703776,688.2637814363977,141.99194346018066,300.05054453508683,353.2506847865271
63,794.6873842935648,909.6960900080463,855.1428404761766,860.5908673238744,441.43669950703776,554.2616259271362,49.10522268417196,300.88121454904046,353.2506847865271
64,794.6873842935648,941.4823085161642,855.1428404761766,805.2624038433705,441.43669950703776,554.2616259271362,136.21990467279363,300.88121454904046,353.2506847865271
65,794.6873842935648,987.352653838058,855.1428404761766,887.5996576190967,441.43669950703776,554.2616259271362,99.75299621896136,300.88121454904046,353.2506847865271
66,794.6873842935648,980.5457671870287,855.1428404761766,907.5881311633185,441.43669950703776,554.2616259271362,72.95763602371017,300.88121454904046,353.2506847865271
67,794.6873842935648,986.0694767801513,855.1428404761766,847.6061290606626,441.43669950703776,554.2616259271362,138.46334771948864,300.88121454904046,353.2506847865271
68,794.6873842935648,1038.2375813299514,855.1428404761766,975.3800502876463,441.43669950703776,554.2616259271362,62.85753104230503,300.88121454904046,353.2506847865271
69,794.6873842935648,982.8083622620358,855.1428404761766,895.4663267863102,441.43669950703776,554.2616259271362,87.34203547572554,300.88121454904046,353.2506847865271
70,794.6873842935648,906.8757301948392,855.1428404761766,763.8902986678398,441.43669950703776,554.2616259271362,142.98543152699938,300.88121454904046,353.2506847865271
71,794.6873842935648,871.4804147121578,855.1428404761766,730.7435415124008,441.43669950703776,554.2616259271362,140.73687319975693,300.88121454904046,353.2506847865271
72,794.6873842935648,919.3248247976456,855.1428404761766,769.842110612014,441.43669950703776,554.2616259271362,149.4827141856316,300.88121454904046,353.2506847865271
73,794.6873842935648,920.9816844388762,932.9667496633441,825.9695473342074,441.43669950703776,631.5077842408828,95.0121371046688,301.45896542246135,353.2506847865271
74,794.6873842935648,910.127365000078,932.9667496633441,809.0571806224184,441.43669950703776,631.5077842408828,101.07018437765964,301.45896542246135,353.2506847865271
75,794.6873842935648,1181.2088234661946,932.9667496633441,1146.4997830044913,441.43669950703776,631.5077842408828,34.70904046170335,301.45896542246135,353.2506847865271
76,794.6873842935648,771.2147885601454,932.9667496633441,616.1690025851215,441.43669950703776,631.5077842408828,155.04578597502393,301.45896542246135,353.2506847865271
77,794.6873842935648,891.9878819603238,932.9667496633441,740.0660268142227,441.43669950703776,631.5077842408828,151.92185514610105,301.45896542246135,353.2506847865271
78,794.6873842935648,1001.1396055533885,932.9667496633441,869.9456953327148,441.43669950703776,631.5077842408828,131.19391022067373,301.45896542246135,353.2506847865271
79,794.6873842935648,900.7024695408037,932.9667496633441,791.1588702625558,441.43669950703776,631.5077842408828,109.54359927824794,301.45896542246135,353.2506847865271
80,794.6873842935648,887.6865147048524,932.9667496633441,757.7799923467278,441.43669950703776,631.5077842408828,129.90652235812456,301.45896542246135,353.2506847865271
81,794.6873842935648,927.231451137841,932.9667496633441,770.3447057000742,441.43669950703776,631.5077842408828,156.88674543776676,301.45896542246135,353.2506847865271
82,794.6873842935648,948.7768834477298,932.9667496633441,900.184824662635,441.43669950703776,631.5077842408828,48.592058785094764,301.45896542246135,353.2506847865271
83,794.6873842935648,965.8830370011704,862.7812749017066,842.3954215184262,441.43669950703776,560.170894231865,123.4876154827441,302.6103806698417,353.2506847865271
84,794.6873842935648,917.811037780953,862.7812749017066,845.8626147310756,441.43669950703776,560.170894231865,71.94842304987742,302.6103806698417,353.2506847865271
85,794.6873842935648,825.318951770453,862.7812749017066,707.1859037949586,441.43669950703776,560.170894231865,118.13304797549449,302.6103806698417,353.2506847865271
86,794.6873842935648,920.6533841319366,862.7812749017066,793.4942772917365,441.43669950703776,560.170894231865,127.15910684020014,302.6103806698417,353.2506847865271
87,794.6873842935648,915.3626795143136,802.2069299840431,719.5935959077937,441.43669950703776,499.0513090757363,195.76908360651998,303.1556209083068,353.2506847865271
88,794.6873842935648,964.6173406900133,802.2069299840431,813.2791804665491,441.43669950703776,499.0513090757363,151.33816022346423,303.1556209083068,353.2506847865271
89,794.6873842935648,891.5801395501006,789.3174295782554,860.20207016021,441.43669950703776,484.8234164004993,31.378069389890584,304.49401317775613,353.2506847865271
90,794.6873842935648,814.3641855677117,789.3174295782554,678.6763774059943,441.43669950703776,484.8234164004993,135.68780816171738,304.49401317775613,353.2506847865271
91,794.6873842935648,806.489299312454,789.3174295782554,665.3586366813139,441.43669950703776,484.8234164004993,141.13066263114013,304.49401317775613,353.2506847865271
92,794.6873842935648,745.0704069978389,789.3174295782554,597.5603672561881,441.43669950703776,484.8234164004993,147.51003974165076,304.49401317775613,353.2506847865271
93,794.6873842935648,916.7782377151457,789.3174295782554,794.0775895068048,441.43669950703776,484.8234164004993,122.70064820834091,304.49401317775613,353.2506847865271
94,794.6873842935648,1006.9369696204357,789.3174295782554,918.9263403778943,441.43669950703776,484.8234164004993,88.01062924254131,304.49401317775613,353.2506847865271
95,794.6873842935648,1034.7310642439354,963.64920059815,924.7329195405749,441.43669950703776,657.389628550699,109.99814470336048,306.259572047451,353.2506847865271
96,794.6873842935648,881.1044548003354,963.64920059815,704.0988861539458,441.43669950703776,657.389628550699,177.00556864638952,306.259572047451,353.2506847865271
97,794.6873842935648,900.6658214886907,963.64920059815,758.2066434658908,441.43669950703776,657.389628550699,142.45917802279985,306.259572047451,353.2506847865271
98,794.6873842935648,1018.3358100205967,759.8232697492075,949.4892124446268,441.43669950703776,453.09593944651783,68.8465975759699,306.72733030268967,353.2506847865271
99,794.6873842935648,882.8200901517464,759.8232697492075,722.4545656095656,441.43669950703776,453.09593944651783,160.36552454218076,306.72733030268967,353.2506847865271
100,794.6873842935648,807.245716462297,759.8232697492075,685.1049904306276,441.43669950703776,453.09593944651783,122.14072603166937,306.72733030268967,353.2506847865271
101,794.6873842935648,857.8903905930334,759.8232697492075,687.7759552384725,441.43669950703776,453.09593944651783,170.1144353545609,306.72733030268967,353.2506847865271
102,794.6873842935648,851.5662027019196,859.6470130526225,731.8934471407791,441.43669950703776,552.1337745207252,119.67275556114043,307.5132385318973,353.2506847865271
103,794.6873842935648,849.0510993704983,859.6470130526225,660.511929874628,441.43669950703776,552.1337745207252,188.53916949587028,307.5132385318973,353.2506847865271
104,794.6873842935648,919.0377379228398,859.6470130526225,875.2920773212765,441.43669950703776,552.1337745207252,43.74566060156337,307.5132385318973,353.2506847865271
105,794.6873842935648,965.5294247197918,879.7453241356102,877.9620822077304,441.43669950703776,572.0826026963838,87.56734251206137,307.6627214392264,353.2506847865271
106,794.6873842935648,1113.0123615951486,779.2535041877497,990.8335504532927,441.43669950703776,470.1871446101803,122.17881114185593,309.0663595775694,353.2506847865271
107,794.6873842935648,852.7765501431921,903.7483473457786,718.7812721926347,441.43669950703776,594.6268574030561,133.99527795055747,309.1214899427225,353.2506847865271
108,794.6873842935648,1055.4087170385487,903.7483473457786,998.8453467534359,441.43669950703776,594.6268574030561,56.563370285112796,309.1214899427225,353.2506847865271
109,794.6873842935648,972.59252164169,903.7483473457786,816.9363584386497,441.43669950703776,594.6268574030561,155.65616320304036,309.1214899427225,353.2506847865271
110,794.6873842935648,907.4363091465318,903.7483473457786,774.4164326612138,441.43669950703776,594.6268574030561,133.01987648531804,309.1214899427225,353.2506847865271
111,794.6873842935648,930.8305922250432,903.7483473457786,794.2269859956912,441.43669950703776,594.6268574030561,136.60360622935207,309.1214899427225,353.2506847865271
112,794.6873842935648,941.3546143895544,903.7483473457786,828.3852184217394,441.43669950703776,594.6268574030561,112.96939596781499,309.1214899427225,353.2506847865271
113,794.6873842935648,976.5416315029272,903.7483473457786,813.2741760614418,441.43669950703776,594.6268574030561,163.26745544148537,309.1214899427225,353.2506847865271
114,794.6873842935648,979.5060290724512,903.7483473457786,861.0438958149946,441.43669950703776,594.6268574030561,118.46213325745657,309.1214899427225,353.2506847865271
115,794.6873842935648,858.9386907745697,903.7483473457786,758.327096728606,441.43669950703776,594.6268574030561,100.61159404596378,309.1214899427225,353.2506847865271
116,794.6873842935648,940.1497284895128,903.7483473457786,774.94412773253,441.43669950703776,594.6268574030561,165.2056007569828,309.1214899427225,353.2506847865271
117,794.6873842935648,787.1370883053678,903.7483473457786,601.8993849877884,441.43669950703776,594.6268574030561,185.23770331757942,309.1214899427225,353.2506847865271
118,794.6873842935648,885.0205666080984,903.7483473457786,772.03666913835,441.43669950703776,594.6268574030561,112.9838974697484,309.1214899427225,353.2506847865271
119,794.6873842935648,934.3720662001055,903.7483473457786,774.5926186483823,441.43669950703776,594.6268574030561,159.77944755172314,309.1214899427225,353.2506847865271
120,794.6873842935648,905.8709448923241,903.7483473457786,787.9522256176181,441.43669950703776,594.6268574030561,117.91871927470606,309.1214899427225,353.2506847865271
121,794.6873842935648,859.4491318225821,903.7483473457786,745.9621902483367,441.43669950703776,594.6268574030561,113.4869415742454,309.1214899427225,353.2506847865271
122,794.6873842935648,973.6872269280441,903.7483473457786,898.658904353324,441.43669950703776,594.6268574030561,75.02832257472005,309.1214899427225,353.2506847865271
123,794.6873842935648,868.001162543378,903.7483473457786,710.1186220743363,441.43669950703776,594.6268574030561,157.88254046904171,309.1214899427225,353.2506847865271
124,794.6873842935648,895.4664466469886,855.8428895230165,783.8352875926514,441.43669950703776,545.6717126001993,111.63115905433722,310.17117692281727,353.2506847865271
125,794.6873842935648,953.8449362687572,930.1691153487235,844.0626208428661,441.43669950703776,617.1434784408607,109.78231542589117,313.0256369078628,353.2506847865271
126,794.6873842935648,928.0752707591021,984.3622526187185,763.1675321361215,441.43669950703776,669.499701918376,164.90773862298056,314.86255070034247,353.2506847865271
127,794.6873842935648,893.9549598193205,936.6349153906975,744.4475168240921,441.43669950703776,619.5866476139023,149.50744299522842,317.0482677767952,353.2506847865271
128,794.6873842935648,830.4013059460118,482.97233409692967,647.554120788161,441.43669950703776,163.82007266117583,182.84718515785084,319.15226143575387,353.2506847865271
129,937.4620067277015,939.8654821658566,860.3470620994625,802.941589204798,581.3643873936101,540.9033382900453,136.92389296105864,319.4437238094172,356.0976193340914
130,937.4620067277015,878.1191543100291,860.3470620994625,740.4810165917255,581.3643873936101,540.9033382900453,137.6381377183036,319.4437238094172,356.0976193340914
131,937.4620067277015,935.1857446668334,506.4234529262638,761.714458874451,581.3643873936101,182.08988342093545,173.47128579238245,324.33356950532834,356.0976193340914
132,937.4620067277015,824.8984310395758,506.4234529262638,694.0484167110585,581.3643873936101,182.08988342093545,130.85001432851732,324.33356950532834,356.0976193340914
133,937.4620067277015,965.6903136845729,506.4234529262638,775.4500649368707,581.3643873936101,182.08988342093545,190.24024874770214,324.33356950532834,356.0976193340914
134,937.4620067277015,831.7259813705233,506.4234529262638,659.2985700779568,581.3643873936101,182.08988342093545,172.4274112925665,324.33356950532834,356.0976193340914
135,937.4620067277015,948.1639017282293,506.4234529262638,781.4312113171435,581.3643873936101,182.08988342093545,166.73269041108585,324.33356950532834,356.0976193340914
136,937.4620067277015,855.8236844489528,506.4234529262638,688.6401057755522,581.3643873936101,182.08988342093545,167.18357867340058,324.33356950532834,356.0976193340914
137,937.4620067277015,829.2208151989056,506.4234529262638,669.0108908452028,581.3643873936101,182.08988342093545,160.20992435370283,324.33356950532834,356.0976193340914
138,981.4301351599735,773.2240244763722,506.0349955433763,586.1229879252669,621.6049588489237,176.17776206685477,187.10103655110527,329.8572334765215,359.82517631104974
139,981.4301351599735,885.6463913058841,506.0349955433763,722.0577961584812,621.6049588489237,176.17776206685477,163.58859514740288,329.8572334765215,359.82517631104974
140,981.4301351599735,825.7290418599467,506.0349955433763,658.4567074155193,621.6049588489237,176.17776206685477,167.27233444442743,329.8572334765215,359.82517631104974
141,912.3244452784459,913.0449284104404,790.7353109407989,834.2926852841865,534.1618328119871,460.7079623238611,78.75224312625392,330.02734861693773,378.16261246645877
142,912.3244452784459,918.8952319279925,790.7353109407989,743.1472936053607,534.1618328119871,460.7079623238611,175.74793832263185,330.02734861693773,378.16261246645877
143,912.3244452784459,828.645733781423,508.40959372384856,637.0130359058164,534.1618328119871,177.6736880022419,191.6326978756066,330.7359057216066,378.16261246645877
144,912.3244452784459,750.4849201338319,508.40959372384856,523.1561929777852,534.1618328119871,177.6736880022419,227.32872715604674,330.7359057216066,378.16261246645877
145,912.3244452784459,867.0753368217803,508.40959372384856,672.3809313437879,534.1618328119871,177.6736880022419,194.6944054779924,330.7359057216066,378.16261246645877
146,912.3244452784459,900.1092791394725,503.38027538516263,739.3116962339665,534.1618328119871,171.73949552196746,160.79758290550603,331.6407798631952,378.16261246645877
147,912.3244452784459,961.1031883267491,934.5762323591599,773.8313512228793,534.1618328119871,602.0098912003992,187.27183710386976,332.5663411587607,378.16261246645877
148,912.3244452784459,858.5708416751274,977.8657002382106,702.7915342572026,534.1618328119871,644.9942839258292,155.77930741792488,332.87141631238137,378.16261246645877
149,912.3244452784459,947.823027997988,977.8657002382106,806.6810710544814,534.1618328119871,644.9942839258292,141.14195694350656,332.87141631238137,378.16261246645877
150,912.3244452784459,949.1209330203417,977.8657002382106,781.5766824002237,534.1618328119871,644.9942839258292,167.54425062011796,332.87141631238137,378.16261246645877
151,912.3244452784459,849.6435916526312,784.2387585602908,730.2395777076529,534.1618328119871,449.439411160327,119.40401394497837,334.7993473999638,378.16261246645877
152,912.3244452784459,864.437845008368,784.2387585602908,732.6440256178164,534.1618328119871,449.439411160327,131.79381939055156,334.7993473999638,378.16261246645877
153,912.3244452784459,911.3858400333294,784.2387585602908,721.7037227279291,534.1618328119871,449.439411160327,189.6821173054003,334.7993473999638,378.16261246645877
154,912.3244452784459,891.4556293097324,784.2387585602908,734.0394125846424,534.1618328119871,449.439411160327,157.41621672509007,334.7993473999638,378.16261246645877
155,912.3244452784459,822.6869127127138,784.2387585602908,661.6287112345597,534.1618328119871,449.439411160327,161.05820147815416,334.7993473999638,378.16261246645877
156,912.3244452784459,885.1677943146285,955.745882013905,727.0075836697289,534.1618328119871,620.1695230728562,158.16021064489962,335.57635894104874,378.16261246645877
157,912.3244452784459,894.1931188922786,955.745882013905,742.3378091810798,534.1618328119871,620.1695230728562,151.85530971119874,335.57635894104874,378.16261246645877
158,912.3244452784459,909.8454701851515,955.745882013905,729.306534368377,534.1618328119871,620.1695230728562,180.53893581677448,335.57635894104874,378.16261246645877
159,912.3244452784459,860.9486717769556,955.745882013905,693.5961011682364,534.1618328119871,620.1695230728562,167.35257060871925,335.57635894104874,378.16261246645877
160,912.3244452784459,885.6463913058841,955.745882013905,722.0577961584812,534.1618328119871,620.1695230728562,163.58859514740288,335.57635894104874,378.16261246645877
161,912.3244452784459,919.9269859833902,955.745882013905,807.7904220648863,534.1618328119871,620.1695230728562,112.13656391850384,335.57635894104874,378.16261246645877
162,912.3244452784459,791.262513163213,967.4628004040787,621.145050313206,534.1618328119871,631.6867091244725,170.1174628500071,335.77609127960625,378.16261246645877
163,912.3244452784459,860.4018134712745,967.4628004040787,769.7414675520806,534.1618328119871,631.6867091244725,90.6603459191939,335.77609127960625,378.16261246645877
164,912.3244452784459,857.7093327859071,867.9762729681469,712.4387849475812,534.1618328119871,529.5575082006221,145.2705478383259,338.41876476752475,378.16261246645877
165,912.3244452784459,846.2815813896487,867.9762729681469,709.4856233781491,534.1618328119871,529.5575082006221,136.7959580114997,338.41876476752475,378.16261246645877
166,912.3244452784459,795.7792025858174,867.9762729681469,676.9860888302798,534.1618328119871,529.5575082006221,118.79311375553766,338.41876476752475,378.16261246645877
167,912.3244452784459,863.1864033504712,867.9762729681469,725.306140596913,534.1618328119871,529.5575082006221,137.8802627535582,338.41876476752475,378.16261246645877
168,912.3244452784459,827.7754862504363,867.9762729681469,660.666772873724,534.1618328119871,529.5575082006221,167.10871337671233,338.41876476752475,378.16261246645877
169,912.3244452784459,862.7819184843917,931.2902093612615,691.2846219021737,534.1618328119871,591.5647949429397,171.49729658221793,339.72541441832186,378.16261246645877
170,912.3244452784459,921.4154338925435,931.2902093612615,765.9353968538531,534.1618328119871,591.5647949429397,155.4800370386904,339.72541441832186,378.16261246645877
171,912.3244452784459,809.226186987283,931.2902093612615,619.8892708219437,534.1618328119871,591.5647949429397,189.3369161653393,339.72541441832186,378.16261246645877
172,912.3244452784459,879.3863202749227,931.2902093612615,708.2174453989221,534.1618328119871,591.5647949429397,171.1688748760006,339.72541441832186,378.16261246645877
173,912.3244452784459,878.2065702545624,790.183211717119,716.4334428962661,534.1618328119871,450.2748216558104,161.77312735829628,339.9083900613086,378.16261246645877
174,912.3244452784459,842.6273720271028,1008.6935852515917,649.0746323153985,534.1618328119871,664.4962335232411,193.55273971170425,344.19735172835055,378.16261246645877
175,912.3244452784459,895.6766273223315,1008.6935852515917,736.6431414857111,534.1618328119871,664.4962335232411,159.03348583662034,344.19735172835055,378.16261246645877
176,912.3244452784459,857.4634785412053,1008.6935852515917,711.6806349467918,534.1618328119871,664.4962335232411,145.78284359441352,344.19735172835055,378.16261246645877
177,912.3244452784459,902.8455444172838,1008.6935852515917,724.7603351689681,534.1618328119871,664.4962335232411,178.08520924831566,344.19735172835055,378.16261246645877
178,912.3244452784459,901.2653656535707,1008.6935852515917,761.6284807253542,534.1618328119871,664.4962335232411,139.63688492821655,344.19735172835055,378.16261246645877
179,912.3244452784459,988.6754844795095,1008.6935852515917,873.547908567764,534.1618328119871,664.4962335232411,115.12757591174545,344.19735172835055,378.16261246645877
180,912.3244452784459,1094.4155632085333,1008.6935852515917,934.276136395627,534.1618328119871,664.4962335232411,160.13942681290632,344.19735172835055,378.16261246645877
181,912.3244452784459,856.9682368559855,1008.6935852515917,737.3820549434034,534.1618328119871,664.4962335232411,119.5861819125821,344.19735172835055,378.16261246645877
182,912.3244452784459,951.2493727752966,1008.6935852515917,875.3432446715685,534.1618328119871,664.4962335232411,75.90612810372807,344.19735172835055,378.16261246645877
183,912.3244452784459,867.3362868412843,1008.6935852515917,711.3917288804295,534.1618328119871,664.4962335232411,155.9445579608548,344.19735172835055,378.16261246645877
184,912.3244452784459,858.0109856413752,1008.6935852515917,728.4027083076935,534.1618328119871,664.4962335232411,129.6082773336817,344.19735172835055,378.16261246645877
185,912.3244452784459,988.6754844795095,1008.6935852515917,873.547908567764,534.1618328119871,664.4962335232411,115.12757591174545,344.19735172835055,378.16261246645877
186,912.3244452784459,979.5335530317946,1008.6935852515917,870.4152523887908,534.1618328119871,664.4962335232411,109.11830064300375,344.19735172835055,378.16261246645877
187,912.3244452784459,842.8990559017186,1008.6935852515917,687.3344021649137,534.1618328119871,664.4962335232411,155.56465373680487,344.19735172835055,378.16261246645877
188,912.3244452784459,868.5281534925289,1008.6935852515917,687.2648838406611,534.1618328119871,664.4962335232411,181.26326965186774,344.19735172835055,378.16261246645877
189,912.3244452784459,833.4762787006745,1008.6935852515917,684.9661154905928,534.1618328119871,664.4962335232411,148.5101632100817,344.19735172835055,378.16261246645877
190,912.3244452784459,843.1329507095991,1008.6935852515917,678.5120956613771,534.1618328119871,664.4962335232411,164.62085504822198,344.19735172835055,378.16261246645877
191,912.3244452784459,834.0259095035154,940.8192973933648,661.0203316508641,534.1618328119871,594.9844167100783,173.0055778526513,345.8348806832864,378.16261246645877
192,912.3244452784459,905.2789339021604,940.8192973933648,746.4433570594592,534.1618328119871,594.9844167100783,158.83557684270113,345.8348806832864,378.16261246645877
193,912.3244452784459,836.4555957866601,940.8192973933648,704.6767433430172,534.1618328119871,594.9844167100783,131.7788524436429,345.8348806832864,378.16261246645877
194,912.3244452784459,863.9206439601733,940.8192973933648,695.7285717940839,534.1618328119871,594.9844167100783,168.19207216608936,345.8348806832864,378.16261246645877
195,912.3244452784459,900.0873895196705,959.8380465213947,769.7252824686626,534.1618328119871,613.3115382739545,130.3621070510079,346.52650824744023,378.16261246645877
196,912.3244452784459,956.4168235250697,959.8380465213947,831.8333912086609,534.1618328119871,613.3115382739545,124.58343231640879,346.52650824744023,378.16261246645877
197,912.3244452784459,841.2168980837661,959.8380465213947,721.4571030393092,534.1618328119871,613.3115382739545,119.75979504445684,346.52650824744023,378.16261246645877
198,912.3244452784459,913.0623043960508,959.8380465213947,768.405398094161,534.1618328119871,613.3115382739545,144.65690630188976,346.52650824744023,378.16261246645877
199,912.3244452784459,818.9271760780615,959.8380465213947,658.5268911982131,534.1618328119871,613.3115382739545,160.4002848798484,346.52650824744023,378.16261246645877
200,912.3244452784459,1090.1082139182615,959.8380465213947,955.0555070780625,534.1618328119871,613.3115382739545,135.052706840199,346.52650824744023,378.16261246645877
201,912.3244452784459,885.3776802433387,959.8380465213947,723.3616522468814,534.1618328119871,613.3115382739545,162.0160279964573,346.52650824744023,378.16261246645877
202,912.3244452784459,973.0705213372474,959.8380465213947,841.2131573126798,534.1618328119871,613.3115382739545,131.8573640245677,346.52650824744023,378.16261246645877
203,912.3244452784459,880.2896138700022,959.8380465213947,714.1896101246106,534.1618328119871,613.3115382739545,166.10000374539163,346.52650824744023,378.16261246645877
204,912.3244452784459,879.0230619901325,959.8380465213947,713.05856002767,534.1618328119871,613.3115382739545,165.96450196246258,346.52650824744023,378.16261246645877
205,912.3244452784459,830.5581535132355,959.8380465213947,672.6623852828387,534.1618328119871,613.3115382739545,157.8957682303968,346.52650824744023,378.16261246645877
206,912.3244452784459,833.3767516514783,959.8380465213947,676.5715383386248,534.1618328119871,613.3115382739545,156.80521331285354,346.52650824744023,378.16261246645877
207,912.3244452784459,810.996066082831,959.8380465213947,611.8366653057725,534.1618328119871,613.3115382739545,199.15940077705852,346.52650824744023,378.16261246645877
208,912.3244452784459,872.9851803009572,959.8380465213947,720.2964039494939,534.1618328119871,613.3115382739545,152.68877635146328,346.52650824744023,378.16261246645877
209,912.3244452784459,928.6642617152963,959.8380465213947,772.4857314881557,534.1618328119871,613.3115382739545,156.17853022714064,346.52650824744023,378.16261246645877
210,912.3244452784459,783.6492181424585,959.8380465213947,560.2620544737428,534.1618328119871,613.3115382739545,223.38716366871574,346.52650824744023,378.16261246645877
211,912.3244452784459,877.8255945548266,959.8380465213947,720.2434685660064,534.1618328119871,613.3115382739545,157.58212598882017,346.52650824744023,378.16261246645877
212,912.3244452784459,833.8783054395589,959.8380465213947,679.3729290569217,534.1618328119871,613.3115382739545,154.5053763826371,346.52650824744023,378.16261246645877
213,912.3244452784459,856.1898225014108,908.7548863996874,711.7442592658517,534.1618328119871,560.6612107832539,144.44556323555912,348.09367561643353,378.16261246645877
214,912.3244452784459,765.819131962973,908.7548863996874,598.7457444528134,534.1618328119871,560.6612107832539,167.0733875101596,348.09367561643353,378.16261246645877
215,912.3244452784459,845.8699091311087,908.7548863996874,742.3455494428879,534.1618328119871,560.6612107832539,103.52435968822078,348.09367561643353,378.16261246645877
216,912.3244452784459,993.0187836557543,908.7548863996874,887.5697508575132,534.1618328119871,560.6612107832539,105.44903279824109,348.09367561643353,378.16261246645877
217,912.3244452784459,888.7921781571056,908.7548863996874,749.7352187747159,534.1618328119871,560.6612107832539,139.05695938238966,348.09367561643353,378.16261246645877
218,912.3244452784459,941.8460981053995,908.7548863996874,778.5796814539194,534.1618328119871,560.6612107832539,163.26641665148009,348.09367561643353,378.16261246645877
219,912.3244452784459,752.937603533795,908.7548863996874,583.0701997153126,534.1618328119871,560.6612107832539,169.86740381848244,348.09367561643353,378.16261246645877
220,912.3244452784459,847.2179703437589,908.7548863996874,657.3215432148558,534.1618328119871,560.6612107832539,189.89642712890316,348.09367561643353,378.16261246645877
221,912.3244452784459,864.4568434482056,908.7548863996874,701.0788780760312,534.1618328119871,560.6612107832539,163.37796537217446,348.09367561643353,378.16261246645877
222,912.3244452784459,847.3037759527379,908.7548863996874,677.6692016415468,534.1618328119871,560.6612107832539,169.63457431119105,348.09367561643353,378.16261246645877
223,912.3244452784459,1046.7706811079504,908.7548863996874,910.3919487335503,534.1618328119871,560.6612107832539,136.3787323744001,348.09367561643353,378.16261246645877
224,912.3244452784459,1065.8223357387662,908.7548863996874,899.6608336031954,534.1618328119871,560.6612107832539,166.1615021355708,348.09367561643353,378.16261246645877
225,912.3244452784459,856.3721980754563,908.7548863996874,675.5368150012556,534.1618328119871,560.6612107832539,180.83538307420065,348.09367561643353,378.16261246645877
226,912.3244452784459,937.059181101725,908.7548863996874,814.2435257332038,534.1618328119871,560.6612107832539,122.81565536852122,348.09367561643353,378.16261246645877
227,912.3244452784459,749.7617084431204,908.7548863996874,552.1185610453532,534.1618328119871,560.6612107832539,197.64314739776717,348.09367561643353,378.16261246645877
228,912.3244452784459,891.2951711094499,908.7548863996874,753.3097798225341,534.1618328119871,560.6612107832539,137.98539128691584,348.09367561643353,378.16261246645877
229,912.3244452784459,860.333887795125,908.7548863996874,698.9472790935661,534.1618328119871,560.6612107832539,161.38660870155888,348.09367561643353,378.16261246645877
230,912.3244452784459,848.673203638468,908.7548863996874,713.8734042736776,534.1618328119871,560.6612107832539,134.79979936479037,348.09367561643353,378.16261246645877
231,912.3244452784459,828.1031977725728,908.7548863996874,657.9756806103414,534.1618328119871,560.6612107832539,170.12751716223136,348.09367561643353,378.16261246645877
232,912.3244452784459,884.9830663566191,908.7548863996874,737.4471275810305,534.1618328119871,560.6612107832539,147.53593877558865,348.09367561643353,378.16261246645877
233,912.3244452784459,861.9116097835899,908.7548863996874,713.9684366161613,534.1618328119871,560.6612107832539,147.94317316742865,348.09367561643353,378.16261246645877
234,912.3244452784459,915.5497185207506,908.7548863996874,752.5867614436671,534.1618328119871,560.6612107832539,162.9629570770835,348.09367561643353,378.16261246645877
235,912.3244452784459,1069.2897381158482,908.7548863996874,929.630366188517,534.1618328119871,560.6612107832539,139.65937192733122,348.09367561643353,378.16261246645877
236,912.3244452784459,854.9296989955793,908.7548863996874,663.8413435846267,534.1618328119871,560.6612107832539,191.08835541095266,348.09367561643353,378.16261246645877
237,912.3244452784459,1130.4689633422931,908.7548863996874,991.1213283568952,534.1618328119871,560.6612107832539,139.34763498539792,348.09367561643353,378.16261246645877
238,912.3244452784459,1009.6121604722774,908.7548863996874,956.0889612296398,534.1618328119871,560.6612107832539,53.52319924263759,348.09367561643353,378.16261246645877
239,912.3244452784459,827.2405262005311,908.7548863996874,670.0854201695614,534.1618328119871,560.6612107832539,157.1551060309697,348.09367561643353,378.16261246645877
240,912.3244452784459,854.3295347796417,908.7548863996874,675.5930787330833,534.1618328119871,560.6612107832539,178.73645604655837,348.09367561643353,378.16261246645877
241,912.3244452784459,943.1973016541431,908.7548863996874,800.3214724235663,534.1618328119871,560.6612107832539,142.87582923057676,348.09367561643353,378.16261246645877
242,912.3244452784459,841.3568371762597,908.7548863996874,713.3198435445979,534.1618328119871,560.6612107832539,128.03699363166174,348.09367561643353,378.16261246645877
243,912.3244452784459,825.3857760004471,908.7548863996874,663.2658902917783,534.1618328119871,560.6612107832539,162.1198857086688,348.09367561643353,378.16261246645877
244,912.3244452784459,849.2484922304667,908.7548863996874,735.7083223982992,534.1618328119871,560.6612107832539,113.54016983216752,348.09367561643353,378.16261246645877
245,912.3244452784459,1142.4779769978588,881.4965602650645,1013.8110552269349,534.1618328119871,530.2730146748314,128.66692177092398,351.22354559023313,378.16261246645877
246,912.3244452784459,924.6962207450284,881.4965602650645,772.4161877275901,534.1618328119871,530.2730146748314,152.2800330174383,351.22354559023313,378.16261246645877
247,912.3244452784459,883.3593939810652,881.4965602650645,745.9147691667398,534.1618328119871,530.2730146748314,137.44462481432538,351.22354559023313,378.16261246645877
248,1015.4988074450516,789.561210398554,915.9862806323833,599.9063140325246,631.1160444007744,564.3533554968712,189.65489636602933,351.6329251355121,384.3827630442772
249,1015.4988074450516,940.7294248964346,915.9862806323833,784.4162013454957,631.1160444007744,564.3533554968712,156.31322355093891,351.6329251355121,384.3827630442772
250,1015.4988074450516,856.2188832104368,915.9862806323833,702.1123556736393,631.1160444007744,564.3533554968712,154.10652753679756,351.6329251355121,384.3827630442772
251,1015.4988074450516,975.5437824206339,915.9862806323833,853.7120023680973,631.1160444007744,564.3533554968712,121.8317800525366,351.6329251355121,384.3827630442772
252,1015.4988074450516,849.0920702090839,915.9862806323833,748.3845057608926,631.1160444007744,564.3533554968712,100.7075644481913,351.6329251355121,384.3827630442772
253,1015.4988074450516,894.9593045584727,915.9862806323833,785.477279966052,631.1160444007744,564.3533554968712,109.48202459242066,351.6329251355121,384.3827630442772
254,1015.4988074450516,793.1066390855959,915.9862806323833,584.1462826902447,631.1160444007744,564.3533554968712,208.96035639535125,351.6329251355121,384.3827630442772
255,1015.4988074450516,849.3687311823026,915.9862806323833,657.3051942729567,631.1160444007744,564.3533554968712,192.06353690934588,351.6329251355121,384.3827630442772
256,1015.4988074450516,962.3905969501291,893.4509576708089,759.4443064171464,631.1160444007744,541.6374151967299,202.94629053298263,351.813542474079,384.3827630442772
257,1015.4988074450516,820.5540148181951,893.4509576708089,634.9044335827385,631.1160444007744,541.6374151967299,185.6495812354566,351.813542474079,384.3827630442772
258,1015.4988074450516,905.3992561174334,893.4509576708089,757.0416291541233,631.1160444007744,541.6374151967299,148.35762696331017,351.813542474079,384.3827630442772
259,1015.4988074450516,837.9751533158505,893.4509576708089,671.8497174964378,631.1160444007744,541.6374151967299,166.1254358194127,351.813542474079,384.3827630442772
260,1015.4988074450516,822.1441699546392,893.4509576708089,676.7681114717374,631.1160444007744,541.6374151967299,145.37605848290184,351.813542474079,384.3827630442772
261,1015.4988074450516,934.9335438415208,893.4509576708089,808.6987349927124,631.1160444007744,541.6374151967299,126.23480884880837,351.813542474079,384.3827630442772
262,1015.4988074450516,936.6517812869117,893.4509576708089,786.4348405039633,631.1160444007744,541.6374151967299,150.21694078294843,351.813542474079,384.3827630442772
263,1015.4988074450516,1009.6121604722774,893.4509576708089,956.0889612296398,631.1160444007744,541.6374151967299,53.52319924263759,351.813542474079,384.3827630442772
264,1015.4988074450516,814.6083629951934,893.4509576708089,620.4077387688036,631.1160444007744,541.6374151967299,194.20062422638978,351.813542474079,384.3827630442772
265,1015.4988074450516,917.3528826604867,893.4509576708089,833.5254787469275,631.1160444007744,541.6374151967299,83.82740391355912,351.813542474079,384.3827630442772
266,1015.4988074450516,933.5162856873428,893.4509576708089,776.4208325199862,631.1160444007744,541.6374151967299,157.0954531673566,351.813542474079,384.3827630442772
267,1015.4988074450516,879.9453975922632,893.4509576708089,724.0095509041865,631.1160444007744,541.6374151967299,155.9358466880767,351.813542474079,384.3827630442772
268,1015.4988074450516,817.8580835585683,893.4509576708089,643.4001358513091,631.1160444007744,541.6374151967299,174.45794770725922,351.813542474079,384.3827630442772
269,1015.4988074450516,908.9784203230888,893.4509576708089,735.2405776666965,631.1160444007744,541.6374151967299,173.73784265639233,351.813542474079,384.3827630442772
270,1015.4988074450516,911.4662611906938,893.4509576708089,750.2121694659755,631.1160444007744,541.6374151967299,161.25409172471825,351.813542474079,384.3827630442772
271,1015.4988074450516,868.1188072602911,893.4509576708089,693.7118972352825,631.1160444007744,541.6374151967299,174.40691002500853,351.813542474079,384.3827630442772
272,1015.4988074450516,787.2303638891367,893.4509576708089,590.8659033255998,631.1160444007744,541.6374151967299,196.3644605635369,351.813542474079,384.3827630442772
273,1015.4988074450516,838.8094384973128,893.4509576708089,695.1882814963507,631.1160444007744,541.6374151967299,143.62115700096217,351.813542474079,384.3827630442772
274,1015.4988074450516,852.4533787560885,893.4509576708089,682.2596558245601,631.1160444007744,541.6374151967299,170.19372293152833,351.813542474079,384.3827630442772
275,1015.4988074450516,838.2744744581657,893.4509576708089,684.63536799459,631.1160444007744,541.6374151967299,153.63910646357579,351.813542474079,384.3827630442772
276,1015.4988074450516,953.034155225715,893.4509576708089,803.9775761696643,631.1160444007744,541.6374151967299,149.05657905605074,351.813542474079,384.3827630442772
277,1015.4988074450516,849.0485205765725,893.4509576708089,702.4701877805919,631.1160444007744,541.6374151967299,146.5783327959806,351.813542474079,384.3827630442772
278,1015.4988074450516,790.3651172679641,893.4509576708089,605.7366876879303,631.1160444007744,541.6374151967299,184.62842958003387,351.813542474079,384.3827630442772
279,1015.4988074450516,817.0063013945567,893.4509576708089,637.8360043020082,631.1160444007744,541.6374151967299,179.17029709254848,351.813542474079,384.3827630442772
280,1015.4988074450516,905.7539732714216,893.4509576708089,756.9680618375852,631.1160444007744,541.6374151967299,148.78591143383642,351.813542474079,384.3827630442772
281,1015.4988074450516,910.3756394093457,893.4509576708089,742.536970601193,631.1160444007744,541.6374151967299,167.83866880815265,351.813542474079,384.3827630442772
282,1015.4988074450516,849.4617041002272,893.4509576708089,660.4777653521102,631.1160444007744,541.6374151967299,188.983938748117,351.813542474079,384.3827630442772
283,1015.4988074450516,899.6059193264657,893.4509576708089,746.0403067952932,631.1160444007744,541.6374151967299,153.56561253117252,351.813542474079,384.3827630442772
284,1015.4988074450516,847.0866884786475,893.4509576708089,654.9494006426244,631.1160444007744,541.6374151967299,192.13728783602312,351.813542474079,384.3827630442772
285,1015.4988074450516,856.52024421821,893.4509576708089,725.2023678829426,631.1160444007744,541.6374151967299,131.31787633526744,351.813542474079,384.3827630442772
286,1015.4988074450516,958.4501772166512,893.4509576708089,826.5104435395315,631.1160444007744,541.6374151967299,131.93973367711976,351.813542474079,384.3827630442772
287,1015.4988074450516,885.0697772049989,893.4509576708089,733.5650856992498,631.1160444007744,541.6374151967299,151.50469150574907,351.813542474079,384.3827630442772
288,1015.4988074450516,817.8705557291241,893.4509576708089,676.580179616689,631.1160444007744,541.6374151967299,141.29037611243518,351.813542474079,384.3827630442772
289,1015.4988074450516,797.2596018454524,893.4509576708089,646.8715303582673,631.1160444007744,541.6374151967299,150.38807148718513,351.813542474079,384.3827630442772
290,1015.4988074450516,854.9427334719627,893.4509576708089,666.6012502541106,631.1160444007744,541.6374151967299,188.3414832178521,351.813542474079,384.3827630442772
291,1015.4988074450516,880.3278015909272,893.4509576708089,692.478440224514,631.1160444007744,541.6374151967299,187.84936136641318,351.813542474079,384.3827630442772
292,1015.4988074450516,723.7085604562901,893.4509576708089,483.78227795417536,631.1160444007744,541.6374151967299,239.92628250211476,351.813542474079,384.3827630442772
293,1015.4988074450516,824.2704390584807,893.4509576708089,715.8330597303337,631.1160444007744,541.6374151967299,108.43737932814702,351.813542474079,384.3827630442772
294,1015.4988074450516,911.55994790959,893.4509576708089,740.2176789394078,631.1160444007744,541.6374151967299,171.3422689701822,351.813542474079,384.3827630442772
295,1015.4988074450516,869.2503959760344,893.4509576708089,691.0613959176744,631.1160444007744,541.6374151967299,178.18900005835997,351.813542474079,384.3827630442772
296,1015.4988074450516,824.1093190156165,893.4509576708089,634.1084540942021,631.1160444007744,541.6374151967299,190.0008649214144,351.813542474079,384.3827630442772
297,1015.4988074450516,853.1310272478187,893.4509576708089,728.1676026766415,631.1160444007744,541.6374151967299,124.96342457117714,351.813542474079,384.3827630442772
298,1015.4988074450516,856.5980498874917,893.4509576708089,713.9858867307574,631.1160444007744,541.6374151967299,142.61216315673425,351.813542474079,384.3827630442772
299,1015.4988074450516,799.5081399667242,893.4509576708089,632.4552535163116,631.1160444007744,541.6374151967299,167.05288645041264,351.813542474079,384.3827630442772
300,1015.4988074450516,912.8388512283112,893.4509576708089,841.4702768144374,631.1160444007744,541.6374151967299,71.36857441387383,351.813542474079,384.3827630442772
301,1015.4988074450516,835.8254792563006,893.4509576708089,688.5086746381169,631.1160444007744,541.6374151967299,147.3168046181837,351.813542474079,384.3827630442772
302,1015.4988074450516,890.9654154092483,893.4509576708089,787.2904215576142,631.1160444007744,541.6374151967299,103.6749938516341,351.813542474079,384.3827630442772
303,1015.4988074450516,851.8709227828992,893.4509576708089,708.3947805668824,631.1160444007744,541.6374151967299,143.4761422160168,351.813542474079,384.3827630442772
304,1015.4988074450516,857.4032755999347,893.4509576708089,697.6606997973157,631.1160444007744,541.6374151967299,159.74257580261894,351.813542474079,384.3827630442772
305,1015.4988074450516,870.6383557654831,893.4509576708089,713.4648900078489,631.1160444007744,541.6374151967299,157.17346575763418,351.813542474079,384.3827630442772
306,1015.4988074450516,960.0087329495561,893.4509576708089,778.2110016911467,631.1160444007744,541.6374151967299,181.79773125840939,351.813542474079,384.3827630442772
307,1015.4988074450516,949.6579588064309,893.4509576708089,819.036769268182,631.1160444007744,541.6374151967299,130.62118953824893,351.813542474079,384.3827630442772
308,1015.4988074450516,801.7480299445251,893.4509576708089,637.2230855377172,631.1160444007744,541.6374151967299,164.5249444068079,351.813542474079,384.3827630442772
309,1015.4988074450516,827.16611417138,893.4509576708089,661.1293591447089,631.1160444007744,541.6374151967299,166.03675502667102,351.813542474079,384.3827630442772
310,1015.4988074450516,897.4894843265265,893.4509576708089,765.0033288103181,631.1160444007744,541.6374151967299,132.48615551620844,351.813542474079,384.3827630442772
311,1015.4988074450516,883.6467362814603,893.4509576708089,762.422660875518,631.1160444007744,541.6374151967299,121.22407540594236,351.813542474079,384.3827630442772
312,1015.4988074450516,954.9794596447589,893.4509576708089,846.5685199991809,631.1160444007744,541.6374151967299,108.41093964557797,351.813542474079,384.3827630442772
313,1015.4988074450516,947.4964851711297,893.4509576708089,819.9910926963261,631.1160444007744,541.6374151967299,127.50539247480367,351.813542474079,384.3827630442772
314,1015.4988074450516,952.6515914297022,893.4509576708089,819.5648228761714,631.1160444007744,541.6374151967299,133.08676855353076,351.813542474079,384.3827630442772
315,1015.4988074450516,871.7625227583461,893.4509576708089,752.4913673852119,631.1160444007744,541.6374151967299,119.2711553731342,351.813542474079,384.3827630442772
316,1015.4988074450516,855.6841423886611,893.4509576708089,676.6662375850136,631.1160444007744,541.6374151967299,179.01790480364753,351.813542474079,384.3827630442772
317,1015.4988074450516,924.0953728864802,893.4509576708089,808.1153737975394,631.1160444007744,541.6374151967299,115.97999908894076,351.813542474079,384.3827630442772
318,1015.4988074450516,915.1022901011468,893.4509576708089,739.0693161458491,631.1160444007744,541.6374151967299,176.03297395529762,351.813542474079,384.3827630442772
319,1015.4988074450516,1003.6397357600588,893.4509576708089,899.1388171854729,631.1160444007744,541.6374151967299,104.50091857458585,351.813542474079,384.3827630442772
320,1015.4988074450516,825.0746528051751,893.4509576708089,659.9713611123792,631.1160444007744,541.6374151967299,165.1032916927959,351.813542474079,384.3827630442772
321,1015.4988074450516,875.2683218740955,893.4509576708089,703.6748869747022,631.1160444007744,541.6374151967299,171.5934348993933,351.813542474079,384.3827630442772
322,1015.4988074450516,878.8415683043811,893.4509576708089,742.3470179083208,631.1160444007744,541.6374151967299,136.49455039606028,351.813542474079,384.3827630442772
323,1015.4988074450516,912.790971404248,893.4509576708089,744.5620149401175,631.1160444007744,541.6374151967299,168.22895646413053,351.813542474079,384.3827630442772
324,1015.4988074450516,856.9358772993553,893.4509576708089,687.4521148525882,631.1160444007744,541.6374151967299,169.48376244676706,351.813542474079,384.3827630442772
325,1015.4988074450516,845.9505717283663,893.4509576708089,714.0360715717649,631.1160444007744,541.6374151967299,131.91450015660143,351.813542474079,384.3827630442772
326,1015.4988074450516,831.7202978731003,893.4509576708089,627.3508067345431,631.1160444007744,541.6374151967299,204.36949113855724,351.813542474079,384.3827630442772
327,1015.4988074450516,906.6834324866617,893.4509576708089,786.8079380581113,631.1160444007744,541.6374151967299,119.87549442855038,351.813542474079,384.3827630442772
328,1015.4988074450516,749.5920240033349,893.4509576708089,540.7411442299069,631.1160444007744,541.6374151967299,208.850879773428,351.813542474079,384.3827630442772
329,1015.4988074450516,828.44709165207,893.4509576708089,675.7614462378064,631.1160444007744,541.6374151967299,152.6856454142636,351.813542474079,384.3827630442772
330,1015.4988074450516,927.7361372147882,893.4509576708089,775.5849377883468,631.1160444007744,541.6374151967299,152.1511994264414,351.813542474079,384.3827630442772
331,1015.4988074450516,879.3863202749227,893.4509576708089,708.2174453989221,631.1160444007744,541.6374151967299,171.1688748760006,351.813542474079,384.3827630442772
332,1015.4988074450516,859.8860332368544,893.4509576708089,720.8686934878422,631.1160444007744,541.6374151967299,139.0173397490122,351.813542474079,384.3827630442772
333,1015.4988074450516,744.5104071536202,893.4509576708089,538.5776810614291,631.1160444007744,541.6374151967299,205.93272609219116,351.813542474079,384.3827630442772
334,1015.4988074450516,836.2896267195438,893.4509576708089,649.0622649215316,631.1160444007744,541.6374151967299,187.22736179801223,351.813542474079,384.3827630442772
335,1015.4988074450516,817.1124865848574,893.4509576708089,644.9041542670954,631.1160444007744,541.6374151967299,172.20833231776203,351.813542474079,384.3827630442772
336,1015.4988074450516,786.5981005414405,893.4509576708089,589.2466560161124,631.1160444007744,541.6374151967299,197.35144452532813,351.813542474079,384.3827630442772
337,1015.4988074450516,883.3019380861585,893.4509576708089,710.018345335179,631.1160444007744,541.6374151967299,173.28359275097955,351.813542474079,384.3827630442772
338,1015.4988074450516,936.6082907850478,893.4509576708089,784.309045643115,631.1160444007744,541.6374151967299,152.29924514193272,351.813542474079,384.3827630442772
339,1015.4988074450516,950.8456703965655,893.4509576708089,793.2933820821897,631.1160444007744,541.6374151967299,157.5522883143758,351.813542474079,384.3827630442772
340,1015.4988074450516,867.8573002924958,893.4509576708089,715.8723796521692,631.1160444007744,541.6374151967299,151.98492064032655,351.813542474079,384.3827630442772
341,1015.4988074450516,927.2293471688289,893.4509576708089,804.099407362271,631.1160444007744,541.6374151967299,123.1299398065579,351.813542474079,384.3827630442772
342,1015.4988074450516,944.7764917098226,893.4509576708089,792.9160850801817,631.1160444007744,541.6374151967299,151.86040662964092,351.813542474079,384.3827630442772
343,1015.4988074450516,894.9354279815029,893.4509576708089,756.5440601749847,631.1160444007744,541.6374151967299,138.39136780651825,351.813542474079,384.3827630442772
344,1015.4988074450516,809.9006384009991,893.4509576708089,650.307715488098,631.1160444007744,541.6374151967299,159.59292291290114,351.813542474079,384.3827630442772
345,1015.4988074450516,855.8743784969771,893.4509576708089,726.8894296094209,631.1160444007744,541.6374151967299,128.98494888755624,351.813542474079,384.3827630442772
346,1015.4988074450516,934.9335438415208,893.4509576708089,808.6987349927124,631.1160444007744,541.6374151967299,126.23480884880837,351.813542474079,384.3827630442772
347,1015.4988074450516,890.8752077502568,893.4509576708089,693.018351640269,631.1160444007744,541.6374151967299,197.8568561099878,351.813542474079,384.3827630442772
348,1015.4988074450516,874.6035962867536,893.4509576708089,721.8583422226136,631.1160444007744,541.6374151967299,152.74525406414,351.813542474079,384.3827630442772
349,1015.4988074450516,856.9682368559855,893.4509576708089,737.3820549434034,631.1160444007744,541.6374151967299,119.5861819125821,351.813542474079,384.3827630442772
350,1015.4988074450516,869.4896893139303,893.4509576708089,740.6110844269192,631.1160444007744,541.6374151967299,128.87860488701108,351.813542474079,384.3827630442772
351,1015.4988074450516,881.1506604723473,893.4509576708089,687.6263794658769,631.1160444007744,541.6374151967299,193.52428100647046,351.813542474079,384.3827630442772
352,1015.4988074450516,859.4066841097606,893.4509576708089,700.3647505087949,631.1160444007744,541.6374151967299,159.04193360096565,351.813542474079,384.3827630442772
353,1015.4988074450516,963.5748708220957,893.4509576708089,779.5209245372833,631.1160444007744,541.6374151967299,184.05394628481235,351.813542474079,384.3827630442772
354,1015.4988074450516,761.1655373422631,893.4509576708089,566.5440558208262,631.1160444007744,541.6374151967299,194.62148152143686,351.813542474079,384.3827630442772
355,1015.4988074450516,857.7710761269224,893.4509576708089,706.8956762683121,631.1160444007744,541.6374151967299,150.8753998586103,351.813542474079,384.3827630442772
356,1015.4988074450516,976.8840628326928,893.4509576708089,865.6880354866613,631.1160444007744,541.6374151967299,111.19602734603154,351.813542474079,384.3827630442772
357,1015.4988074450516,998.6169200584345,893.4509576708089,896.1897954551914,631.1160444007744,541.6374151967299,102.4271246032431,351.813542474079,384.3827630442772
358,1015.4988074450516,764.7370344973219,893.4509576708089,577.5231876735103,631.1160444007744,541.6374151967299,187.21384682381165,351.813542474079,384.3827630442772
359,1015.4988074450516,831.6950297269924,893.4509576708089,652.1619305994041,631.1160444007744,541.6374151967299,179.53309912758834,351.813542474079,384.3827630442772
360,1015.4988074450516,858.7742523264911,893.4509576708089,667.8588760923645,631.1160444007744,541.6374151967299,190.9153762341266,351.813542474079,384.3827630442772
361,1015.4988074450516,828.9777695249935,893.4509576708089,666.8219653678278,631.1160444007744,541.6374151967299,162.15580415716568,351.813542474079,384.3827630442772
362,1015.4988074450516,728.8885648819988,893.4509576708089,538.6971277616461,631.1160444007744,541.6374151967299,190.1914371203527,351.813542474079,384.3827630442772
363,1015.4988074450516,845.8605607459662,893.4509576708089,700.19569706817,631.1160444007744,541.6374151967299,145.66486367779612,351.813542474079,384.3827630442772
364,1015.4988074450516,900.001453089995,893.4509576708089,717.9881175377994,631.1160444007744,541.6374151967299,182.0133355521956,351.813542474079,384.3827630442772
365,1015.4988074450516,841.4350124616625,893.4509576708089,639.9016232256305,631.1160444007744,541.6374151967299,201.533389236032,351.813542474079,384.3827630442772
366,1015.4988074450516,931.8665275060163,893.4509576708089,784.1334745143871,631.1160444007744,541.6374151967299,147.73305299162917,351.813542474079,384.3827630442772
367,1015.4988074450516,924.6962207450284,893.4509576708089,772.4161877275901,631.1160444007744,541.6374151967299,152.2800330174383,351.813542474079,384.3827630442772
368,1015.4988074450516,916.9082670368437,893.4509576708089,764.9681474396266,631.1160444007744,541.6374151967299,151.94011959721706,351.813542474079,384.3827630442772
369,1015.4988074450516,793.339705504796,893.4509576708089,586.7365466495618,631.1160444007744,541.6374151967299,206.60315885523426,351.813542474079,384.3827630442772
370,1015.4988074450516,790.0556267975991,893.4509576708089,583.8245118530156,631.1160444007744,541.6374151967299,206.2311149445835,351.813542474079,384.3827630442772
371,1015.4988074450516,982.0411217735655,893.4509576708089,806.1292133967322,631.1160444007744,541.6374151967299,175.91190837683325,351.813542474079,384.3827630442772
372,1015.4988074450516,906.8664265160924,893.4509576708089,802.8570771538457,631.1160444007744,541.6374151967299,104.00934936224667,351.813542474079,384.3827630442772
373,1015.4988074450516,834.7439651320856,893.4509576708089,659.7005903759574,631.1160444007744,541.6374151967299,175.04337475612817,351.813542474079,384.3827630442772
374,1015.4988074450516,914.1307703476126,1017.2575998953803,769.2525668981638,631.1160444007744,665.3924116854425,144.87820344944885,351.86518820993774,384.3827630442772
375,1015.4988074450516,851.8403568475243,1017.2575998953803,725.9863598521717,631.1160444007744,665.3924116854425,125.85399699535253,351.86518820993774,384.3827630442772
376,1015.4988074450516,837.8640790003897,1017.2575998953803,641.9814334289259,631.1160444007744,665.3924116854425,195.88264557146374,351.86518820993774,384.3827630442772
377,1015.4988074450516,851.5962523012043,1017.2575998953803,688.4693191645162,631.1160444007744,665.3924116854425,163.1269331366882,351.86518820993774,384.3827630442772
378,1015.4988074450516,857.5694842614008,1017.2575998953803,704.8510882638801,631.1160444007744,665.3924116854425,152.7183959975207,351.86518820993774,384.3827630442772
379,1015.4988074450516,1067.7814335217386,1017.2575998953803,913.2174201894043,631.1160444007744,665.3924116854425,154.5640133323343,351.86518820993774,384.3827630442772
380,1015.4988074450516,936.8834495700338,1017.2575998953803,825.2766568301693,631.1160444007744,665.3924116854425,111.60679273986455,351.86518820993774,384.3827630442772
381,1015.4988074450516,871.2068397433062,1017.2575998953803,712.4150461808495,631.1160444007744,665.3924116854425,158.79179356245675,351.86518820993774,384.3827630442772
382,1015.4988074450516,902.6077886731299,1017.2575998953803,774.0605052044369,631.1160444007744,665.3924116854425,128.54728346869297,351.86518820993774,384.3827630442772
383,1015.4988074450516,856.9358772993553,1017.2575998953803,687.4521148525882,631.1160444007744,665.3924116854425,169.48376244676706,351.86518820993774,384.3827630442772
384,1015.4988074450516,904.8783135768556,1017.2575998953803,783.3037564618757,631.1160444007744,665.3924116854425,121.57455711497994,351.86518820993774,384.3827630442772
385,1015.4988074450516,870.908522285982,1017.2575998953803,675.2600415882613,631.1160444007744,665.3924116854425,195.64848069772074,351.86518820993774,384.3827630442772
386,1015.4988074450516,928.6283012318096,1017.2575998953803,723.5701740635642,631.1160444007744,665.3924116854425,205.0581271682454,351.86518820993774,384.3827630442772
387,1015.4988074450516,852.7077231567517,1017.2575998953803,636.6372441440884,631.1160444007744,665.3924116854425,216.07047901266333,351.86518820993774,384.3827630442772
388,1015.4988074450516,941.7440158006613,1017.2575998953803,807.2211849276398,631.1160444007744,665.3924116854425,134.52283087302146,351.86518820993774,384.3827630442772
389,1015.4988074450516,902.7380451414513,1017.2575998953803,765.4250620836823,631.1160444007744,665.3924116854425,137.31298305776897,351.86518820993774,384.3827630442772
390,1015.4988074450516,847.2179703437589,1017.2575998953803,657.3215432148558,631.1160444007744,665.3924116854425,189.89642712890316,351.86518820993774,384.3827630442772
391,1015.4988074450516,867.2174073481327,1017.2575998953803,691.3255411501904,631.1160444007744,665.3924116854425,175.89186619794236,351.86518820993774,384.3827630442772
392,1015.4988074450516,928.6781652366792,1017.2575998953803,807.7074097496553,631.1160444007744,665.3924116854425,120.9707554870239,351.86518820993774,384.3827630442772
393,1015.4988074450516,935.9607105167289,1017.2575998953803,836.8331801052502,631.1160444007744,665.3924116854425,99.12753041147869,351.86518820993774,384.3827630442772
394,1015.4988074450516,904.2799388168482,1017.2575998953803,762.3304461085527,631.1160444007744,665.3924116854425,141.94949270829557,351.86518820993774,384.3827630442772
395,1015.4988074450516,1111.7051810329795,1017.2575998953803,951.8983772178901,631.1160444007744,665.3924116854425,159.80680381508932,351.86518820993774,384.3827630442772
396,1015.4988074450516,811.0369364938722,1017.2575998953803,644.7212451221628,631.1160444007744,665.3924116854425,166.31569137170936,351.86518820993774,384.3827630442772
397,1015.4988074450516,897.0230056074478,1017.2575998953803,748.6085215911954,631.1160444007744,665.3924116854425,148.41448401625235,351.86518820993774,384.3827630442772
398,1015.4988074450516,916.9082670368437,1017.2575998953803,764.9681474396266,631.1160444007744,665.3924116854425,151.94011959721706,351.86518820993774,384.3827630442772
399,1015.4988074450516,899.2969083244748,1017.2575998953803,753.4809050846864,631.1160444007744,665.3924116854425,145.81600323978842,351.86518820993774,384.3827630442772
400,1015.4988074450516,886.294427098512,1017.2575998953803,765.360000615463,631.1160444007744,665.3924116854425,120.93442648304892,351.86518820993774,384.3827630442772
401,1015.4988074450516,895.445399920893,1017.2575998953803,744.7432176722743,631.1160444007744,665.3924116854425,150.70218224861867,351.86518820993774,384.3827630442772
402,1015.4988074450516,833.4762787006745,1017.2575998953803,684.9661154905928,631.1160444007744,665.3924116854425,148.5101632100817,351.86518820993774,384.3827630442772
403,1015.4988074450516,886.1536601758512,1017.2575998953803,753.9030586502602,631.1160444007744,665.3924116854425,132.25060152559104,351.86518820993774,384.3827630442772
404,1015.4988074450516,928.1591585819798,1017.2575998953803,795.1947569292682,631.1160444007744,665.3924116854425,132.96440165271156,351.86518820993774,384.3827630442772
405,1015.4988074450516,850.5076825837162,1017.2575998953803,635.5737626487622,631.1160444007744,665.3924116854425,214.93391993495402,351.86518820993774,384.3827630442772
406,1015.4988074450516,875.6134595992888,1017.2575998953803,745.6748642529857,631.1160444007744,665.3924116854425,129.93859534630315,351.86518820993774,384.3827630442772
407,1015.4988074450516,908.1440127071643,1017.2575998953803,757.4707184643479,631.1160444007744,665.3924116854425,150.67329424281638,351.86518820993774,384.3827630442772
408,1015.4988074450516,910.8178757180762,1017.2575998953803,748.2672065019293,631.1160444007744,665.3924116854425,162.55066921614684,351.86518820993774,384.3827630442772
409,1015.4988074450516,852.2906280527983,1017.2575998953803,710.4107067016865,631.1160444007744,665.3924116854425,141.87992135111176,351.86518820993774,384.3827630442772
410,1015.4988074450516,1061.8699426640176,1017.2575998953803,930.6156811024631,631.1160444007744,665.3924116854425,131.25426156155447,351.86518820993774,384.3827630442772
411,1015.4988074450516,922.7937485884975,1017.2575998953803,791.2362376781791,631.1160444007744,665.3924116854425,131.55751091031834,351.86518820993774,384.3827630442772
412,1015.4988074450516,865.6847093980803,1017.2575998953803,693.9326310825371,631.1160444007744,665.3924116854425,171.75207831554314,351.86518820993774,384.3827630442772
413,1015.4988074450516,945.9085203526546,1017.2575998953803,759.3450653261001,631.1160444007744,665.3924116854425,186.5634550265545,351.86518820993774,384.3827630442772
414,1015.4988074450516,919.5090809345439,1017.2575998953803,716.9569900915737,631.1160444007744,665.3924116854425,202.5520908429702,351.86518820993774,384.3827630442772
415,1015.4988074450516,885.1677943146285,1017.2575998953803,727.0075836697289,631.1160444007744,665.3924116854425,158.16021064489962,351.86518820993774,384.3827630442772
416,1015.4988074450516,904.5757863987561,1017.2575998953803,737.7112258900678,631.1160444007744,665.3924116854425,166.86456050868833,351.86518820993774,384.3827630442772
417,1015.4988074450516,856.1495415464824,794.6873842935648,679.375678579622,631.1160444007744,441.43669950703776,176.7738629668604,353.2506847865271,384.3827630442772
418,1015.4988074450516,871.7163248959959,794.6873842935648,697.2655407702027,631.1160444007744,441.43669950703776,174.45078412579312,353.2506847865271,384.3827630442772
419,1015.4988074450516,882.0443064726107,794.6873842935648,690.283535767412,631.1160444007744,441.43669950703776,191.76077070519875,353.2506847865271,384.3827630442772
420,1015.4988074450516,849.4435618161301,794.6873842935648,653.7023647525098,631.1160444007744,441.43669950703776,195.74119706362035,353.2506847865271,384.3827630442772
421,1015.4988074450516,922.6513012037906,794.6873842935648,762.861818310173,631.1160444007744,441.43669950703776,159.78948289361756,353.2506847865271,384.3827630442772
422,1015.4988074450516,855.3193443175765,794.6873842935648,666.9595096266798,631.1160444007744,441.43669950703776,188.3598346908966,353.2506847865271,384.3827630442772
423,1015.4988074450516,760.60673256154,794.6873842935648,559.9191073550895,631.1160444007744,441.43669950703776,200.68762520645043,353.2506847865271,384.3827630442772
424,1015.4988074450516,1067.7814335217386,794.6873842935648,913.2174201894043,631.1160444007744,441.43669950703776,154.5640133323343,353.2506847865271,384.3827630442772
425,1015.4988074450516,857.8478928812658,794.6873842935648,671.0239901037944,631.1160444007744,441.43669950703776,186.8239027774714,353.2506847865271,384.3827630442772
426,1015.4988074450516,862.9697586863011,794.6873842935648,737.2495148347325,631.1160444007744,441.43669950703776,125.72024385156863,353.2506847865271,384.3827630442772
427,1015.4988074450516,1143.84024660853,794.6873842935648,986.4399595563974,631.1160444007744,441.43669950703776,157.4002870521325,353.2506847865271,384.3827630442772
428,1015.4988074450516,860.4802891422137,794.6873842935648,677.6197669824069,631.1160444007744,441.43669950703776,182.8605221598068,353.2506847865271,384.3827630442772
429,1015.4988074450516,1006.1959592993301,794.6873842935648,855.5998226323861,631.1160444007744,441.43669950703776,150.59613666694395,353.2506847865271,384.3827630442772
430,1015.4988074450516,902.2304536005552,794.6873842935648,706.3132184228714,631.1160444007744,441.43669950703776,195.91723517768378,353.2506847865271,384.3827630442772
431,1015.4988074450516,876.4731015771888,794.6873842935648,706.4041843879719,631.1160444007744,441.43669950703776,170.0689171892169,353.2506847865271,384.3827630442772
432,1015.4988074450516,812.2464453440693,794.6873842935648,635.8700706835461,631.1160444007744,441.43669950703776,176.3763746605232,353.2506847865271,384.3827630442772
433,1015.4988074450516,903.4941656816173,794.6873842935648,774.2524162050695,631.1160444007744,441.43669950703776,129.24174947654785,353.2506847865271,384.3827630442772
434,1015.4988074450516,825.5680073138464,794.6873842935648,665.4451682596776,631.1160444007744,441.43669950703776,160.1228390541687,353.2506847865271,384.3827630442772
435,1015.4988074450516,859.4921295170125,794.6873842935648,684.6545070566865,631.1160444007744,441.43669950703776,174.83762246032597,353.2506847865271,384.3827630442772
436,1015.4988074450516,794.7368816478022,794.6873842935648,609.7453063234835,631.1160444007744,441.43669950703776,184.99157532431866,353.2506847865271,384.3827630442772
437,1015.4988074450516,939.6337916393268,794.6873842935648,747.0939440356639,631.1160444007744,441.43669950703776,192.5398476036629,353.2506847865271,384.3827630442772
438,1015.4988074450516,843.5344633237971,794.6873842935648,722.738083845335,631.1160444007744,441.43669950703776,120.79637947846209,353.2506847865271,384.3827630442772
439,1015.4988074450516,809.299489882735,794.6873842935648,645.9593234592932,631.1160444007744,441.43669950703776,163.34016642344181,353.2506847865271,384.3827630442772
440,1015.4988074450516,798.2742018647346,794.6873842935648,629.5569314026297,631.1160444007744,441.43669950703776,168.7172704621048,353.2506847865271,384.3827630442772
441,1015.4988074450516,819.0225087772254,794.6873842935648,650.7411891685637,631.1160444007744,441.43669950703776,168.28131960866176,353.2506847865271,384.3827630442772
442,1015.4988074450516,834.3200885553237,794.6873842935648,670.8222488230272,631.1160444007744,441.43669950703776,163.49783973229648,353.2506847865271,384.3827630442772
443,1015.4988074450516,920.817201434491,794.6873842935648,778.6952758800883,631.1160444007744,441.43669950703776,142.12192555440276,353.2506847865271,384.3827630442772
444,1015.4988074450516,847.9399496027197,794.6873842935648,700.9807794623338,631.1160444007744,441.43669950703776,146.95917014038594,353.2506847865271,384.3827630442772
445,1015.4988074450516,903.6305835537953,794.6873842935648,730.7860877613494,631.1160444007744,441.43669950703776,172.84449579244585,353.2506847865271,384.3827630442772
446,1015.4988074450516,830.6382022552705,794.6873842935648,649.869110661105,631.1160444007744,441.43669950703776,180.7690915941655,353.2506847865271,384.3827630442772
447,1015.4988074450516,837.3928217314577,794.6873842935648,637.075072505276,631.1160444007744,441.43669950703776,200.31774922618172,353.2506847865271,384.3827630442772
448,1015.4988074450516,766.2630937994898,794.6873842935648,584.1023024469878,631.1160444007744,441.43669950703776,182.16079135250197,353.2506847865271,384.3827630442772
449,1015.4988074450516,852.7782554693916,794.6873842935648,745.7230016036243,631.1160444007744,441.43669950703776,107.05525386576733,353.2506847865271,384.3827630442772
450,1015.4988074450516,855.3848070896665,794.6873842935648,694.0293832833681,631.1160444007744,441.43669950703776,161.3554238062984,353.2506847865271,384.3827630442772
451,1015.4988074450516,931.2974939601775,794.6873842935648,798.3876066510009,631.1160444007744,441.43669950703776,132.9098873091766,353.2506847865271,384.3827630442772
452,1015.4988074450516,934.6942505036246,794.6873842935648,764.6982815755242,631.1160444007744,441.43669950703776,169.9959689281004,353.2506847865271,384.3827630442772
453,1015.4988074450516,778.6246934098572,794.6873842935648,594.8716161720215,631.1160444007744,441.43669950703776,183.75307723783567,353.2506847865271,384.3827630442772
454,1015.4988074450516,945.7567122204903,794.6873842935648,811.0779550728647,631.1160444007744,441.43669950703776,134.67875714762556,353.2506847865271,384.3827630442772
455,1015.4988074450516,787.2131217358667,794.6873842935648,603.611118283002,631.1160444007744,441.43669950703776,183.60200345286466,353.2506847865271,384.3827630442772
456,1015.4988074450516,928.899335728757,794.6873842935648,751.2874835401591,631.1160444007744,441.43669950703776,177.61185218859794,353.2506847865271,384.3827630442772
457,1015.4988074450516,866.3334330480475,794.6873842935648,696.3407954070783,631.1160444007744,441.43669950703776,169.99263764096918,353.2506847865271,384.3827630442772
458,1015.4988074450516,919.0310620790729,794.6873842935648,782.5309303622796,631.1160444007744,441.43669950703776,136.50013171679325,353.2506847865271,384.3827630442772
459,1015.4988074450516,895.6766273223315,794.6873842935648,736.6431414857111,631.1160444007744,441.43669950703776,159.03348583662034,353.2506847865271,384.3827630442772
460,1015.4988074450516,1254.8295883505673,794.6873842935648,1143.6166978922731,631.1160444007744,441.43669950703776,111.21289045829417,353.2506847865271,384.3827630442772
461,1015.4988074450516,908.3885974551149,794.6873842935648,747.6752980688951,631.1160444007744,441.43669950703776,160.71329938621977,353.2506847865271,384.3827630442772
462,1015.4988074450516,923.3544487071948,794.6873842935648,778.6419024840966,631.1160444007744,441.43669950703776,144.71254622309823,353.2506847865271,384.3827630442772
463,1015.4988074450516,926.7473123174215,794.6873842935648,775.9572126832212,631.1160444007744,441.43669950703776,150.79009963420026,353.2506847865271,384.3827630442772
464,1015.4988074450516,856.1898225014108,794.6873842935648,711.7442592658517,631.1160444007744,441.43669950703776,144.44556323555912,353.2506847865271,384.3827630442772
465,1015.4988074450516,858.759314351128,794.6873842935648,691.0697755106764,631.1160444007744,441.43669950703776,167.68953884045152,353.2506847865271,384.3827630442772
466,1015.4988074450516,891.7404185316441,794.6873842935648,743.0593859559144,631.1160444007744,441.43669950703776,148.68103257572966,353.2506847865271,384.3827630442772
467,1015.4988074450516,883.6467362814603,794.6873842935648,762.422660875518,631.1160444007744,441.43669950703776,121.22407540594236,353.2506847865271,384.3827630442772
468,1015.4988074450516,923.645729428611,794.6873842935648,819.1071897026804,631.1160444007744,441.43669950703776,104.5385397259306,353.2506847865271,384.3827630442772
469,1015.4988074450516,879.0506175358269,794.6873842935648,746.786038236347,631.1160444007744,441.43669950703776,132.2645792994798,353.2506847865271,384.3827630442772
470,1015.4988074450516,923.0208326902334,794.6873842935648,796.7680065994144,631.1160444007744,441.43669950703776,126.25282609081898,353.2506847865271,384.3827630442772
471,1015.4988074450516,766.4217715209088,794.6873842935648,580.476758000347,631.1160444007744,441.43669950703776,185.94501352056182,353.2506847865271,384.3827630442772
472,1015.4988074450516,847.6578664275468,794.6873842935648,700.1363535821957,631.1160444007744,441.43669950703776,147.52151284535103,353.2506847865271,384.3827630442772
473,1015.4988074450516,871.2181419828895,794.6873842935648,729.2614761916909,631.1160444007744,441.43669950703776,141.9566657911986,353.2506847865271,384.3827630442772
474,1015.4988074450516,942.2304117749126,794.6873842935648,796.1830013067903,631.1160444007744,441.43669950703776,146.04741046812228,353.2506847865271,384.3827630442772
475,1015.4988074450516,827.4119375391982,794.6873842935648,748.2376013818705,631.1160444007744,441.43669950703776,79.17433615732773,353.2506847865271,384.3827630442772
476,1015.4988074450516,1139.0010629985147,794.6873842935648,1075.4380990660004,631.1160444007744,441.43669950703776,63.56296393251432,353.2506847865271,384.3827630442772
477,1015.4988074450516,815.7252160040554,794.6873842935648,645.6110671416299,631.1160444007744,441.43669950703776,170.1141488624255,353.2506847865271,384.3827630442772
478,1015.4988074450516,853.8105140866714,794.6873842935648,687.3773552881589,631.1160444007744,441.43669950703776,166.43315879851252,353.2506847865271,384.3827630442772
479,1015.4988074450516,873.142006114091,794.6873842935648,729.2400919819968,631.1160444007744,441.43669950703776,143.90191413209425,353.2506847865271,384.3827630442772
480,1015.4988074450516,839.6347559075231,794.6873842935648,698.2989503717104,631.1160444007744,441.43669950703776,141.3358055358127,353.2506847865271,384.3827630442772
481,1015.4988074450516,870.540473270336,794.6873842935648,716.7335015667904,631.1160444007744,441.43669950703776,153.8069717035455,353.2506847865271,384.3827630442772
482,1015.4988074450516,868.8908655438684,794.6873842935648,712.6060508957421,631.1160444007744,441.43669950703776,156.28481464812626,353.2506847865271,384.3827630442772
483,1015.4988074450516,876.9285818651352,794.6873842935648,712.3440118670584,631.1160444007744,441.43669950703776,164.58456999807686,353.2506847865271,384.3827630442772
484,1015.4988074450516,914.5701325752833,794.6873842935648,829.1214635797871,631.1160444007744,441.43669950703776,85.44866899549618,353.2506847865271,384.3827630442772
485,1015.4988074450516,882.2466165255406,794.6873842935648,734.0367610353874,631.1160444007744,441.43669950703776,148.20985549015325,353.2506847865271,384.3827630442772
486,1015.4988074450516,949.1810321284246,794.6873842935648,837.6102294306282,631.1160444007744,441.43669950703776,111.57080269779635,353.2506847865271,384.3827630442772
487,1015.4988074450516,904.0020835622034,794.6873842935648,770.0591571681899,631.1160444007744,441.43669950703776,133.9429263940135,353.2506847865271,384.3827630442772
488,1015.4988074450516,868.1301804227973,794.6873842935648,758.4262504766489,631.1160444007744,441.43669950703776,109.70392994614838,353.2506847865271,384.3827630442772
489,1015.4988074450516,841.4188431813687,794.6873842935648,696.6789874125424,631.1160444007744,441.43669950703776,144.73985576882637,353.2506847865271,384.3827630442772
490,1015.4988074450516,745.6324772189648,794.6873842935648,561.408342996046,631.1160444007744,441.43669950703776,184.2241342229188,353.2506847865271,384.3827630442772
491,1015.4988074450516,918.3156574525049,794.6873842935648,813.5728543176648,631.1160444007744,441.43669950703776,104.74280313484007,353.2506847865271,384.3827630442772
492,1015.4988074450516,851.7529316568355,794.6873842935648,704.2677968365446,631.1160444007744,441.43669950703776,147.4851348202909,353.2506847865271,384.3827630442772
493,1015.4988074450516,887.898399073744,794.6873842935648,744.1442056973165,631.1160444007744,441.43669950703776,143.75419337642757,353.2506847865271,384.3827630442772
494,1015.4988074450516,863.1864033504712,794.6873842935648,725.306140596913,631.1160444007744,441.43669950703776,137.8802627535582,353.2506847865271,384.3827630442772
495,1015.4988074450516,885.6848513394947,794.6873842935648,785.0682156842352,631.1160444007744,441.43669950703776,100.61663565525953,353.2506847865271,384.3827630442772
496,1015.4988074450516,815.1192438841356,794.6873842935648,633.4223954120499,631.1160444007744,441.43669950703776,181.69684847208566,353.2506847865271,384.3827630442772
497,1015.4988074450516,798.8222183670968,794.6873842935648,637.8120017548139,631.1160444007744,441.43669950703776,161.01021661228287,353.2506847865271,384.3827630442772
498,1015.4988074450516,825.0746528051751,794.6873842935648,659.9713611123792,631.1160444007744,441.43669950703776,165.1032916927959,353.2506847865271,384.3827630442772
499,1015.4988074450516,933.3284513421127,794.6873842935648,849.4685928204685,631.1160444007744,441.43669950703776,83.85985852164413,353.2506847865271,384.3827630442772
500,1015.4988074450516,836.4555957866601,794.6873842935648,704.6767433430172,631.1160444007744,441.43669950703776,131.7788524436429,353.2506847865271,384.3827630442772
